date,bitcoin_price
2014/9/17,465.864014
2014/9/18,456.859985
2014/9/19,424.102997
2014/9/20,394.673004
2014/9/21,408.084991
2014/9/22,399.100006
2014/9/23,402.09201
2014/9/24,435.751007
2014/9/25,423.156006
2014/9/26,411.428986
2014/9/27,403.556
2014/9/28,399.471008
2014/9/29,376.928009
2014/9/30,376.088013
2014/10/1,387.427002
2014/10/2,383.988007
2014/10/3,375.181
2014/10/4,359.891998
2014/10/5,328.915985
2014/10/6,320.389008
2014/10/7,330.584015
2014/10/8,336.115997
2014/10/9,352.747986
2014/10/10,364.687012
2014/10/11,361.362
2014/10/12,362.605988
2014/10/13,377.92099
2014/10/14,391.691986
2014/10/15,400.954987
2014/10/16,394.518005
2014/10/17,382.756012
2014/10/18,383.976013
2014/10/19,391.253998
2014/10/20,389.230988
2014/10/21,382.42099
2014/10/22,386.118011
2014/10/23,382.962006
2014/10/24,358.591003
2014/10/25,358.610992
2014/10/26,347.487
2014/10/27,354.777008
2014/10/28,353.214996
2014/10/29,357.088989
2014/10/30,335.709015
2014/10/31,345.009003
2014/11/1,338.649994
2014/11/2,326.075012
2014/11/3,325.569
2014/11/4,327.161011
2014/11/5,330.683014
2014/11/6,339.458008
2014/11/7,349.817993
2014/11/8,342.153992
2014/11/9,345.376007
2014/11/10,362.265015
2014/11/11,365.856995
2014/11/12,367.984985
2014/11/13,427.27301
2014/11/14,418.416992
2014/11/15,399.649994
2014/11/16,374.730011
2014/11/17,388.348999
2014/11/18,387.785004
2014/11/19,373.895996
2014/11/20,380.307007
2014/11/21,357.878998
2014/11/22,351.604004
2014/11/23,353.174988
2014/11/24,366.947998
2014/11/25,376.885986
2014/11/26,376.019012
2014/11/27,370.502014
2014/11/28,369.373993
2014/11/29,376.152008
2014/11/30,375.51001
2014/12/1,378.248993
2014/12/2,379.25
2014/12/3,381.721985
2014/12/4,375.717987
2014/12/5,369.441986
2014/12/6,376.756989
2014/12/7,374.835999
2014/12/8,374.964996
2014/12/9,361.894989
2014/12/10,352.204987
2014/12/11,344.339996
2014/12/12,350.833008
2014/12/13,352.381012
2014/12/14,346.72699
2014/12/15,351.360992
2014/12/16,345.673004
2014/12/17,326.855011
2014/12/18,319.785004
2014/12/19,311.178986
2014/12/20,317.618988
2014/12/21,329.542999
2014/12/22,321.067993
2014/12/23,332.016998
2014/12/24,334.38501
2014/12/25,322.286011
2014/12/26,319.152008
2014/12/27,327.583008
2014/12/28,316.160004
2014/12/29,317.700989
2014/12/30,312.718994
2014/12/31,310.914001
2015/1/1,320.434998
2015/1/2,314.07901
2015/1/3,314.846008
2015/1/4,281.145996
2015/1/5,265.084015
2015/1/6,274.610992
2015/1/7,286.076996
2015/1/8,294.13501
2015/1/9,282.382996
2015/1/10,287.303009
2015/1/11,274.608002
2015/1/12,266.145996
2015/1/13,267.394012
2015/1/14,223.893997
2015/1/15,176.897003
2015/1/16,209.070007
2015/1/17,207.834
2015/1/18,200.050003
2015/1/19,211.470993
2015/1/20,212.906998
2015/1/21,211.378006
2015/1/22,227.322006
2015/1/23,233.516998
2015/1/24,232.699997
2015/1/25,247.352005
2015/1/26,254.078995
2015/1/27,273.166992
2015/1/28,263.351013
2015/1/29,233.348007
2015/1/30,232.772003
2015/1/31,226.440994
2015/2/1,216.867004
2015/2/2,226.490997
2015/2/3,237.453995
2015/2/4,227.511002
2015/2/5,227.664993
2015/2/6,216.923004
2015/2/7,222.632996
2015/2/8,227.692993
2015/2/9,223.389008
2015/2/10,220.281998
2015/2/11,219.731995
2015/2/12,219.207993
2015/2/13,221.968994
2015/2/14,235.528
2015/2/15,257.506989
2015/2/16,234.824997
2015/2/17,233.421997
2015/2/18,243.779999
2015/2/19,236.410004
2015/2/20,240.251007
2015/2/21,243.751999
2015/2/22,244.544006
2015/2/23,235.994995
2015/2/24,238.998001
2015/2/25,238.889999
2015/2/26,237.337006
2015/2/27,236.436005
2015/2/28,253.520004
2015/3/1,254.283005
2015/3/2,260.356995
2015/3/3,275.04599
2015/3/4,281.98999
2015/3/5,272.739014
2015/3/6,275.600006
2015/3/7,272.294006
2015/3/8,276.433014
2015/3/9,274.812012
2015/3/10,289.862
2015/3/11,291.524994
2015/3/12,296.127014
2015/3/13,294.118011
2015/3/14,284.441986
2015/3/15,281.424988
2015/3/16,285.684998
2015/3/17,290.595001
2015/3/18,285.066986
2015/3/19,255.880005
2015/3/20,260.955994
2015/3/21,261.644012
2015/3/22,259.916992
2015/3/23,267.894989
2015/3/24,266.576996
2015/3/25,247.472
2015/3/26,246.276001
2015/3/27,248.565994
2015/3/28,246.975006
2015/3/29,252.740005
2015/3/30,242.878998
2015/3/31,247.453995
2015/4/1,244.223007
2015/4/2,247.089005
2015/4/3,253.074005
2015/4/4,254.291
2015/4/5,253.761002
2015/4/6,260.721008
2015/4/7,255.274002
2015/4/8,253.063995
2015/4/9,244.751007
2015/4/10,243.694
2015/4/11,236.016006
2015/4/12,236.535004
2015/4/13,235.949997
2015/4/14,224.759003
2015/4/15,219.072998
2015/4/16,223.917007
2015/4/17,228.574997
2015/4/18,222.852997
2015/4/19,223.455994
2015/4/20,222.612
2015/4/21,224.619995
2015/4/22,235.602005
2015/4/23,234.052994
2015/4/24,235.970001
2015/4/25,231.235001
2015/4/26,226.410004
2015/4/27,219.429001
2015/4/28,228.968994
2015/4/29,225.591003
2015/4/30,225.692993
2015/5/1,235.938995
2015/5/2,232.341003
2015/5/3,234.880005
2015/5/4,240.356003
2015/5/5,238.852005
2015/5/6,236.248993
2015/5/7,229.662003
2015/5/8,237.203995
2015/5/9,243.768997
2015/5/10,241.729004
2015/5/11,240.298996
2015/5/12,242.145004
2015/5/13,241.397995
2015/5/14,236.214005
2015/5/15,236.955002
2015/5/16,237.643997
2015/5/17,236.009995
2015/5/18,236.886993
2015/5/19,233.037003
2015/5/20,231.889999
2015/5/21,234.016006
2015/5/22,235.320999
2015/5/23,240.285995
2015/5/24,238.975998
2015/5/25,240.927002
2015/5/26,237.104004
2015/5/27,237.065002
2015/5/28,237.257004
2015/5/29,237.376999
2015/5/30,237.091995
2015/5/31,233.134995
2015/6/1,230.233002
2015/6/2,222.893997
2015/6/3,225.735992
2015/6/4,225.772003
2015/6/5,224.154007
2015/6/6,225.005005
2015/6/7,225.595993
2015/6/8,222.878998
2015/6/9,228.537994
2015/6/10,228.994995
2015/6/11,228.854996
2015/6/12,229.705002
2015/6/13,229.919998
2015/6/14,232.442001
2015/6/15,233.421997
2015/6/16,236.764999
2015/6/17,250.822998
2015/6/18,249.427994
2015/6/19,249.042999
2015/6/20,244.529999
2015/6/21,245.100006
2015/6/22,243.968994
2015/6/23,246.927002
2015/6/24,244.281998
2015/6/25,240.365005
2015/6/26,242.604004
2015/6/27,243.548996
2015/6/28,250.955002
2015/6/29,248.720993
2015/6/30,257.036011
2015/7/1,263.345001
2015/7/2,258.552002
2015/7/3,255.459
2015/7/4,256.490997
2015/7/5,260.804993
2015/7/6,271.108002
2015/7/7,269.963013
2015/7/8,265.981995
2015/7/9,270.826996
2015/7/10,269.156006
2015/7/11,284.880005
2015/7/12,293.140015
2015/7/13,310.826996
2015/7/14,292.033997
2015/7/15,288.045013
2015/7/16,286.041992
2015/7/17,278.091003
2015/7/18,279.330994
2015/7/19,274.766998
2015/7/20,273.498993
2015/7/21,278.881989
2015/7/22,275.657013
2015/7/23,277.341003
2015/7/24,276.005005
2015/7/25,288.164001
2015/7/26,288.640015
2015/7/27,292.639008
2015/7/28,293.632996
2015/7/29,294.484009
2015/7/30,289.102997
2015/7/31,287.696014
2015/8/1,284.686005
2015/8/2,280.449005
2015/8/3,282.806
2015/8/4,281.225006
2015/8/5,284.846985
2015/8/6,281.906006
2015/8/7,278.740997
2015/8/8,279.742004
2015/8/9,261.115997
2015/8/10,265.477997
2015/8/11,264.34201
2015/8/12,270.597992
2015/8/13,266.183014
2015/8/14,264.131989
2015/8/15,265.528992
2015/8/16,261.865997
2015/8/17,258.48999
2015/8/18,257.925995
2015/8/19,225.671005
2015/8/20,226.899002
2015/8/21,235.354996
2015/8/22,232.662003
2015/8/23,230.376007
2015/8/24,228.112
2015/8/25,210.067993
2015/8/26,222.076004
2015/8/27,226.050003
2015/8/28,224.701004
2015/8/29,231.548996
2015/8/30,229.895004
2015/8/31,229.113998
2015/9/1,230.255997
2015/9/2,228.026993
2015/9/3,229.324005
2015/9/4,227.214996
2015/9/5,230.199005
2015/9/6,234.869995
2015/9/7,239.934006
2015/9/8,239.845993
2015/9/9,243.414993
2015/9/10,238.335999
2015/9/11,238.328995
2015/9/12,239.854996
2015/9/13,235.242004
2015/9/14,230.608994
2015/9/15,230.492004
2015/9/16,230.25
2015/9/17,229.076004
2015/9/18,233.520996
2015/9/19,232.858002
2015/9/20,231.399002
2015/9/21,231.216995
2015/9/22,226.968994
2015/9/23,230.936005
2015/9/24,230.358002
2015/9/25,234.362
2015/9/26,235.076004
2015/9/27,234.139008
2015/9/28,232.835999
2015/9/29,239.016006
2015/9/30,236.639999
2015/10/1,236.003998
2015/10/2,237.264008
2015/10/3,237.201996
2015/10/4,238.531006
2015/10/5,238.147003
2015/10/6,240.363998
2015/10/7,246.169998
2015/10/8,243.074997
2015/10/9,242.498001
2015/10/10,243.740005
2015/10/11,244.742004
2015/10/12,246.875
2015/10/13,245.199997
2015/10/14,249.492996
2015/10/15,252.106995
2015/10/16,254.296005
2015/10/17,262.747009
2015/10/18,270.907013
2015/10/19,261.860992
2015/10/20,263.571991
2015/10/21,269.306
2015/10/22,266.496002
2015/10/23,273.648987
2015/10/24,276.503998
2015/10/25,281.445007
2015/10/26,283.627991
2015/10/27,285.181
2015/10/28,293.703003
2015/10/29,304.324005
2015/10/30,313.942993
2015/10/31,328.511993
2015/11/1,315.005005
2015/11/2,325.941986
2015/11/3,361.872986
2015/11/4,403.664001
2015/11/5,408.076996
2015/11/6,388.046997
2015/11/7,374.269012
2015/11/8,384.278015
2015/11/9,374.324005
2015/11/10,379.984009
2015/11/11,339.820007
2015/11/12,314.07901
2015/11/13,338.497986
2015/11/14,336.623993
2015/11/15,333.050995
2015/11/16,319.734985
2015/11/17,330.362
2015/11/18,334.592987
2015/11/19,334.678986
2015/11/20,326.411011
2015/11/21,322.09201
2015/11/22,326.975006
2015/11/23,324.350006
2015/11/24,323.014008
2015/11/25,320.045013
2015/11/26,328.303009
2015/11/27,351.860992
2015/11/28,357.140991
2015/11/29,357.471985
2015/11/30,371.437012
2015/12/1,377.414001
2015/12/2,361.845001
2015/12/3,359.330994
2015/12/4,361.261993
2015/12/5,363.721008
2015/12/6,389.554993
2015/12/7,389.977997
2015/12/8,395.753998
2015/12/9,414.44101
2015/12/10,417.988007
2015/12/11,415.281006
2015/12/12,452.334991
2015/12/13,431.660004
2015/12/14,433.272003
2015/12/15,443.877991
2015/12/16,465.208008
2015/12/17,454.777008
2015/12/18,455.846985
2015/12/19,463.552002
2015/12/20,462.234009
2015/12/21,442.838013
2015/12/22,437.436005
2015/12/23,436.720001
2015/12/24,443.091003
2015/12/25,454.855011
2015/12/26,455.756012
2015/12/27,416.514008
2015/12/28,423.342987
2015/12/29,422.097992
2015/12/30,433.299988
2015/12/31,425.875
2016/1/1,430.721008
2016/1/2,434.622009
2016/1/3,433.578003
2016/1/4,430.061005
2016/1/5,433.069
2016/1/6,431.855988
2016/1/7,430.010986
2016/1/8,457.537994
2016/1/9,453.382996
2016/1/10,448.238007
2016/1/11,448.697998
2016/1/12,448.182007
2016/1/13,434.665009
2016/1/14,432.287994
2016/1/15,430.255005
2016/1/16,365.072998
2016/1/17,387.152008
2016/1/18,381.733002
2016/1/19,387.026001
2016/1/20,379.73999
2016/1/21,419.631989
2016/1/22,409.751007
2016/1/23,382.43399
2016/1/24,388.10199
2016/1/25,402.316986
2016/1/26,392.002014
2016/1/27,392.444
2016/1/28,395.145996
2016/1/29,380.108002
2016/1/30,378.86499
2016/1/31,378.292999
2016/2/1,369.350006
2016/2/2,372.920013
2016/2/3,374.645996
2016/2/4,370.174011
2016/2/5,388.89801
2016/2/6,386.588989
2016/2/7,376.514008
2016/2/8,376.756989
2016/2/9,373.423004
2016/2/10,376.145996
2016/2/11,382.114014
2016/2/12,379.686005
2016/2/13,384.640991
2016/2/14,392.932007
2016/2/15,407.567993
2016/2/16,401.432007
2016/2/17,407.656006
2016/2/18,416.571991
2016/2/19,422.730011
2016/2/20,421.601013
2016/2/21,437.77301
2016/2/22,438.989014
2016/2/23,438.255005
2016/2/24,420.955994
2016/2/25,425.036987
2016/2/26,424.628998
2016/2/27,432.838989
2016/2/28,432.571014
2016/2/29,433.437988
2016/3/1,437.916992
2016/3/2,435.131012
2016/3/3,423.911987
2016/3/4,421.835999
2016/3/5,410.781006
2016/3/6,400.524994
2016/3/7,407.756989
2016/3/8,414.464996
2016/3/9,413.894012
2016/3/10,414.743988
2016/3/11,417.238007
2016/3/12,421.605011
2016/3/13,411.64801
2016/3/14,414.200989
2016/3/15,416.388
2016/3/16,416.888
2016/3/17,417.889008
2016/3/18,420.546997
2016/3/19,409.265015
2016/3/20,410.401001
2016/3/21,413.417999
2016/3/22,413.131989
2016/3/23,418.161011
2016/3/24,418.424011
2016/3/25,416.507996
2016/3/26,417.36499
2016/3/27,418.140015
2016/3/28,426.548004
2016/3/29,424.303986
2016/3/30,416.834015
2016/3/31,415.256989
2016/4/1,416.76001
2016/4/2,418.421997
2016/4/3,421.173004
2016/4/4,421.299011
2016/4/5,421.016998
2016/4/6,424.283997
2016/4/7,423.619995
2016/4/8,422.907013
2016/4/9,420.811005
2016/4/10,419.59201
2016/4/11,421.872009
2016/4/12,422.842987
2016/4/13,425.631989
2016/4/14,423.934998
2016/4/15,424.427002
2016/4/16,429.575012
2016/4/17,430.635986
2016/4/18,427.610992
2016/4/19,428.703003
2016/4/20,435.324005
2016/4/21,441.415985
2016/4/22,449.687988
2016/4/23,445.860992
2016/4/24,450.559998
2016/4/25,459.121002
2016/4/26,461.64801
2016/4/27,466.261993
2016/4/28,445.037994
2016/4/29,449.40799
2016/4/30,455.178009
2016/5/1,448.484009
2016/5/2,451.933014
2016/5/3,444.72699
2016/5/4,450.183014
2016/5/5,446.710999
2016/5/6,447.941986
2016/5/7,459.639008
2016/5/8,458.428986
2016/5/9,458.205994
2016/5/10,460.518005
2016/5/11,450.864014
2016/5/12,452.446991
2016/5/13,454.850006
2016/5/14,455.822998
2016/5/15,455.759003
2016/5/16,457.585999
2016/5/17,454.009003
2016/5/18,453.69101
2016/5/19,454.523987
2016/5/20,437.792999
2016/5/21,442.966003
2016/5/22,443.217987
2016/5/23,439.347992
2016/5/24,444.290985
2016/5/25,446.062012
2016/5/26,449.671997
2016/5/27,453.520996
2016/5/28,473.028992
2016/5/29,527.47699
2016/5/30,528.471008
2016/5/31,534.190979
2016/6/1,531.106995
2016/6/2,536.515015
2016/6/3,537.682007
2016/6/4,569.705017
2016/6/5,573.307983
2016/6/6,574.60199
2016/6/7,585.445007
2016/6/8,577.166992
2016/6/9,582.203003
2016/6/10,575.836975
2016/6/11,578.674011
2016/6/12,609.684021
2016/6/13,671.653992
2016/6/14,704.504028
2016/6/15,685.684998
2016/6/16,696.52301
2016/6/17,768.487
2016/6/18,748.755981
2016/6/19,756.687988
2016/6/20,763.927002
2016/6/21,735.882996
2016/6/22,665.914978
2016/6/23,597.442993
2016/6/24,625.575012
2016/6/25,665.281006
2016/6/26,665.93103
2016/6/27,629.348999
2016/6/28,658.10199
2016/6/29,644.122009
2016/6/30,640.591003
2016/7/1,672.515015
2016/7/2,676.734009
2016/7/3,704.968018
2016/7/4,658.804016
2016/7/5,683.208984
2016/7/6,670.41803
2016/7/7,678.090027
2016/7/8,640.687988
2016/7/9,666.383972
2016/7/10,650.598999
2016/7/11,648.484009
2016/7/12,648.28302
2016/7/13,664.796997
2016/7/14,652.922974
2016/7/15,659.171021
2016/7/16,663.781006
2016/7/17,661.992981
2016/7/18,679.809021
2016/7/19,672.737976
2016/7/20,672.80603
2016/7/21,665.228027
2016/7/22,664.921997
2016/7/23,650.726013
2016/7/24,655.409973
2016/7/25,661.263
2016/7/26,654.226013
2016/7/27,651.627014
2016/7/28,654.492004
2016/7/29,655.111023
2016/7/30,657.012024
2016/7/31,655.099976
2016/8/1,624.60199
2016/8/2,606.396973
2016/8/3,548.656006
2016/8/4,566.328979
2016/8/5,578.281006
2016/8/6,575.030029
2016/8/7,587.770996
2016/8/8,592.736023
2016/8/9,591.038025
2016/8/10,587.64801
2016/8/11,592.124023
2016/8/12,588.797974
2016/8/13,587.356995
2016/8/14,585.588989
2016/8/15,570.494019
2016/8/16,567.242981
2016/8/17,577.760986
2016/8/18,573.70697
2016/8/19,574.338989
2016/8/20,576.083984
2016/8/21,581.939026
2016/8/22,581.310974
2016/8/23,586.770996
2016/8/24,583.411987
2016/8/25,580.179993
2016/8/26,577.752991
2016/8/27,579.452026
2016/8/28,569.830017
2016/8/29,574.070984
2016/8/30,574.114014
2016/8/31,577.591003
2016/9/1,575.546021
2016/9/2,572.409973
2016/9/3,575.554993
2016/9/4,598.590027
2016/9/5,608.98999
2016/9/6,606.505981
2016/9/7,610.572998
2016/9/8,614.63501
2016/9/9,626.35199
2016/9/10,622.927002
2016/9/11,623.424011
2016/9/12,607.005005
2016/9/13,608.025024
2016/9/14,608.841003
2016/9/15,610.588013
2016/9/16,607.245972
2016/9/17,607.218018
2016/9/18,606.28302
2016/9/19,609.870972
2016/9/20,609.254028
2016/9/21,603.588013
2016/9/22,597.278992
2016/9/23,596.198975
2016/9/24,602.960999
2016/9/25,602.749023
2016/9/26,600.807007
2016/9/27,608.021973
2016/9/28,606.242981
2016/9/29,605.018982
2016/9/30,605.715027
2016/10/1,609.929016
2016/10/2,613.947998
2016/10/3,610.968018
2016/10/4,612.052002
2016/10/5,610.218018
2016/10/6,612.469971
2016/10/7,612.607971
2016/10/8,617.341003
2016/10/9,619.171997
2016/10/10,616.822021
2016/10/11,619.237976
2016/10/12,640.870972
2016/10/13,636.030029
2016/10/14,637.007996
2016/10/15,640.310974
2016/10/16,639.083008
2016/10/17,641.817993
2016/10/18,639.411011
2016/10/19,638.133972
2016/10/20,630.663025
2016/10/21,630.825012
2016/10/22,633.135986
2016/10/23,657.620972
2016/10/24,657.161011
2016/10/25,654.002014
2016/10/26,657.677979
2016/10/27,678.213989
2016/10/28,688
2016/10/29,690.289001
2016/10/30,714.117981
2016/10/31,702.640015
2016/11/1,701.336975
2016/11/2,730.065979
2016/11/3,742.346008
2016/11/4,689.124023
2016/11/5,703.525024
2016/11/6,703.812012
2016/11/7,710.736023
2016/11/8,703.088989
2016/11/9,709.825012
2016/11/10,722.843994
2016/11/11,715.554993
2016/11/12,716.752014
2016/11/13,705.195984
2016/11/14,701.997009
2016/11/15,705.794006
2016/11/16,711.166992
2016/11/17,744.875977
2016/11/18,740.705017
2016/11/19,751.833008
2016/11/20,751.879028
2016/11/21,731.265015
2016/11/22,739.643005
2016/11/23,751.741028
2016/11/24,744.619995
2016/11/25,740.442017
2016/11/26,741.510986
2016/11/27,735.437012
2016/11/28,732.484009
2016/11/29,736.328979
2016/11/30,736.283997
2016/12/1,746.046021
2016/12/2,757.544983
2016/12/3,778.247986
2016/12/4,771.638
2016/12/5,773.393982
2016/12/6,758.719971
2016/12/7,764.210999
2016/12/8,768.075989
2016/12/9,769.94397
2016/12/10,773.02301
2016/12/11,774.752014
2016/12/12,770.039978
2016/12/13,780.646973
2016/12/14,780.005005
2016/12/15,780.070007
2016/12/16,778.963013
2016/12/17,785.166016
2016/12/18,791.007996
2016/12/19,790.692017
2016/12/20,792.247009
2016/12/21,800.643982
2016/12/22,834.179993
2016/12/23,864.888
2016/12/24,922.179993
2016/12/25,899.651978
2016/12/26,896.905029
2016/12/27,908.354004
2016/12/28,934.830994
2016/12/29,975.125
2016/12/30,972.534973
2016/12/31,960.627014
2017/1/1,963.65802
2017/1/2,998.617004
2017/1/3,1021.599976
2017/1/4,1044.400024
2017/1/5,1156.72998
2017/1/6,1014.23999
2017/1/7,903.487
2017/1/8,908.174988
2017/1/9,913.244019
2017/1/10,902.440002
2017/1/11,908.11499
2017/1/12,775.177979
2017/1/13,803.737
2017/1/14,825.142029
2017/1/15,818.142029
2017/1/16,821.78302
2017/1/17,830.945984
2017/1/18,909.372986
2017/1/19,888.335022
2017/1/20,898.171997
2017/1/21,895.549011
2017/1/22,922.205017
2017/1/23,925.499023
2017/1/24,910.677002
2017/1/25,891.924011
2017/1/26,902.39502
2017/1/27,918.359009
2017/1/28,919.810974
2017/1/29,922.067017
2017/1/30,920.151001
2017/1/31,920.958984
2017/2/1,970.940979
2017/2/2,990.000977
2017/2/3,1011.460022
2017/2/4,1031.329956
2017/2/5,1043.52002
2017/2/6,1028.400024
2017/2/7,1040.140015
2017/2/8,1062.319946
2017/2/9,1064.699951
2017/2/10,995.632019
2017/2/11,988.89801
2017/2/12,1003.52002
2017/2/13,998.88501
2017/2/14,991.734985
2017/2/15,1006.210022
2017/2/16,1007.650024
2017/2/17,1026.119995
2017/2/18,1049.209961
2017/2/19,1054.76001
2017/2/20,1048.689941
2017/2/21,1079.280029
2017/2/22,1114.800049
2017/2/23,1117.27002
2017/2/24,1172.709961
2017/2/25,1170.410034
2017/2/26,1144.27002
2017/2/27,1163.780029
2017/2/28,1180.719971
2017/3/1,1180.040039
2017/3/2,1224.680054
2017/3/3,1250.709961
2017/3/4,1277.430054
2017/3/5,1254.290039
2017/3/6,1267.469971
2017/3/7,1273.209961
2017/3/8,1223.22998
2017/3/9,1150.349976
2017/3/10,1189.359985
2017/3/11,1116.319946
2017/3/12,1176.619995
2017/3/13,1221.780029
2017/3/14,1232.160034
2017/3/15,1240.160034
2017/3/16,1251.329956
2017/3/17,1180.160034
2017/3/18,1099.689941
2017/3/19,976.72998
2017/3/20,1037.23999
2017/3/21,1055.359985
2017/3/22,1120.650024
2017/3/23,1050.050049
2017/3/24,1038.449951
2017/3/25,936.539978
2017/3/26,974.015015
2017/3/27,972.054993
2017/3/28,1044.579956
2017/3/29,1046.079956
2017/3/30,1042.209961
2017/3/31,1026.640015
2017/4/1,1071.709961
2017/4/2,1080.609985
2017/4/3,1102.949951
2017/4/4,1145.52002
2017/4/5,1134.140015
2017/4/6,1125.810059
2017/4/7,1178.939941
2017/4/8,1172.650024
2017/4/9,1176.569946
2017/4/10,1187.300049
2017/4/11,1187.459961
2017/4/12,1204.810059
2017/4/13,1201.02002
2017/4/14,1170.329956
2017/4/15,1167.300049
2017/4/16,1172.609985
2017/4/17,1183.25
2017/4/18,1193.77002
2017/4/19,1212.130005
2017/4/20,1211.079956
2017/4/21,1229.420044
2017/4/22,1222.709961
2017/4/23,1231.920044
2017/4/24,1209.630005
2017/4/25,1250.449951
2017/4/26,1265.98999
2017/4/27,1281.880005
2017/4/28,1317.73999
2017/4/29,1317.839966
2017/4/30,1321.869995
2017/5/1,1348.300049
2017/5/2,1421.030029
2017/5/3,1453.780029
2017/5/4,1490.719971
2017/5/5,1540.869995
2017/5/6,1556.810059
2017/5/7,1579.469971
2017/5/8,1596.920044
2017/5/9,1723.890015
2017/5/10,1756.52002
2017/5/11,1780.369995
2017/5/12,1845.76001
2017/5/13,1723.119995
2017/5/14,1800.859985
2017/5/15,1808.439941
2017/5/16,1741.699951
2017/5/17,1726.72998
2017/5/18,1818.699951
2017/5/19,1897.369995
2017/5/20,1984.23999
2017/5/21,2067.030029
2017/5/22,2043.189941
2017/5/23,2191.560059
2017/5/24,2321.370117
2017/5/25,2446.23999
2017/5/26,2320.889893
2017/5/27,2196.27002
2017/5/28,2054.080078
2017/5/29,2159.429932
2017/5/30,2255.360107
2017/5/31,2187.189941
2017/6/1,2288.330078
2017/6/2,2404.030029
2017/6/3,2493.719971
2017/6/4,2547.790039
2017/6/5,2512.399902
2017/6/6,2690.840088
2017/6/7,2869.379883
2017/6/8,2720.48999
2017/6/9,2807.439941
2017/6/10,2828.139893
2017/6/11,2942.409912
2017/6/12,2953.219971
2017/6/13,2680.909912
2017/6/14,2716.879883
2017/6/15,2499.580078
2017/6/16,2469.570068
2017/6/17,2514.01001
2017/6/18,2655.350098
2017/6/19,2549.030029
2017/6/20,2591.26001
2017/6/21,2709.429932
2017/6/22,2691.030029
2017/6/23,2707.340088
2017/6/24,2738.52002
2017/6/25,2607.25
2017/6/26,2590.570068
2017/6/27,2478.449951
2017/6/28,2553.030029
2017/6/29,2567.560059
2017/6/30,2539.23999
2017/7/1,2492.600098
2017/7/2,2436.399902
2017/7/3,2498.560059
2017/7/4,2561
2017/7/5,2602.870117
2017/7/6,2608.100098
2017/7/7,2608.590088
2017/7/8,2520.27002
2017/7/9,2572.610107
2017/7/10,2525.25
2017/7/11,2385.889893
2017/7/12,2332.77002
2017/7/13,2402.699951
2017/7/14,2360.590088
2017/7/15,2230.120117
2017/7/16,1991.97998
2017/7/17,1932.619995
2017/7/18,2233.52002
2017/7/19,2323.080078
2017/7/20,2269.889893
2017/7/21,2838.409912
2017/7/22,2668.629883
2017/7/23,2808.100098
2017/7/24,2732.699951
2017/7/25,2757.5
2017/7/26,2577.77002
2017/7/27,2538.709961
2017/7/28,2679.72998
2017/7/29,2807.02002
2017/7/30,2724.389893
2017/7/31,2763.23999
2017/8/1,2871.300049
2017/8/2,2727.129883
2017/8/3,2709.560059
2017/8/4,2806.929932
2017/8/5,2897.629883
2017/8/6,3257.610107
2017/8/7,3212.780029
2017/8/8,3370.219971
2017/8/9,3420.399902
2017/8/10,3341.840088
2017/8/11,3373.820068
2017/8/12,3650.629883
2017/8/13,3880.040039
2017/8/14,4066.100098
2017/8/15,4326.990234
2017/8/16,4200.339844
2017/8/17,4384.439941
2017/8/18,4324.339844
2017/8/19,4137.75
2017/8/20,4189.310059
2017/8/21,4090.47998
2017/8/22,3998.350098
2017/8/23,4089.01001
2017/8/24,4137.600098
2017/8/25,4332.819824
2017/8/26,4372.060059
2017/8/27,4345.100098
2017/8/28,4384.450195
2017/8/29,4389.209961
2017/8/30,4570.359863
2017/8/31,4555.589844
2017/9/1,4701.759766
2017/9/2,4901.419922
2017/9/3,4585.27002
2017/9/4,4591.629883
2017/9/5,4228.290039
2017/9/6,4376.589844
2017/9/7,4589.140137
2017/9/8,4605.160156
2017/9/9,4229.810059
2017/9/10,4229.339844
2017/9/11,4122.470215
2017/9/12,4168.879883
2017/9/13,4131.97998
2017/9/14,3875.370117
2017/9/15,3166.300049
2017/9/16,3637.75
2017/9/17,3606.280029
2017/9/18,3591.090088
2017/9/19,4073.790039
2017/9/20,3916.360107
2017/9/21,3901.469971
2017/9/22,3628.02002
2017/9/23,3629.919922
2017/9/24,3796.149902
2017/9/25,3681.580078
2017/9/26,3928.409912
2017/9/27,3892.939941
2017/9/28,4197.129883
2017/9/29,4171.620117
2017/9/30,4166.109863
2017/10/1,4341.049805
2017/10/2,4395.810059
2017/10/3,4408.459961
2017/10/4,4319.370117
2017/10/5,4229.879883
2017/10/6,4324.459961
2017/10/7,4369.350098
2017/10/8,4429.669922
2017/10/9,4614.52002
2017/10/10,4776.209961
2017/10/11,4789.25
2017/10/12,4829.580078
2017/10/13,5464.160156
2017/10/14,5643.529785
2017/10/15,5835.959961
2017/10/16,5687.569824
2017/10/17,5741.580078
2017/10/18,5603.819824
2017/10/19,5583.740234
2017/10/20,5708.109863
2017/10/21,5996.790039
2017/10/22,6036.660156
2017/10/23,6006
2017/10/24,5935.52002
2017/10/25,5524.600098
2017/10/26,5747.950195
2017/10/27,5899.740234
2017/10/28,5787.819824
2017/10/29,5754.439941
2017/10/30,6114.850098
2017/10/31,6132.02002
2017/11/1,6440.970215
2017/11/2,6777.77002
2017/11/3,7087.529785
2017/11/4,7164.47998
2017/11/5,7404.52002
2017/11/6,7403.220215
2017/11/7,7023.100098
2017/11/8,7141.379883
2017/11/9,7446.830078
2017/11/10,7173.72998
2017/11/11,6618.609863
2017/11/12,6295.450195
2017/11/13,5938.25
2017/11/14,6561.47998
2017/11/15,6634.759766
2017/11/16,7323.240234
2017/11/17,7853.569824
2017/11/18,7697.209961
2017/11/19,7766.029785
2017/11/20,8039.069824
2017/11/21,8205.740234
2017/11/22,8077.950195
2017/11/23,8232.379883
2017/11/24,8074.02002
2017/11/25,8241.709961
2017/11/26,8789.040039
2017/11/27,9352.719727
2017/11/28,9823.429688
2017/11/29,10077.40039
2017/11/30,9906.790039
2017/12/1,10198.59961
2017/12/2,10978.29981
2017/12/3,11082.7002
2017/12/4,11315.40039
2017/12/5,11685.7002
2017/12/6,11923.40039
2017/12/7,14266.09961
2017/12/8,17802.90039
2017/12/9,16523.30078
2017/12/10,15168.40039
2017/12/11,15427.40039
2017/12/12,16919.80078
2017/12/13,17500
2017/12/14,16384.59961
2017/12/15,16601.30078
2017/12/16,17760.30078
2017/12/17,19475.80078
2017/12/18,19106.40039
2017/12/19,19118.30078
2017/12/20,17760.30078
2017/12/21,16642.40039
2017/12/22,15898
2017/12/23,13948.7002
2017/12/24,14608.2002
2017/12/25,13995.90039
2017/12/26,14036.59961
2017/12/27,16163.5
2017/12/28,15864.09961
2017/12/29,14695.79981
2017/12/30,14681.90039
2017/12/31,12897.7002
2018/1/1,14112.2002
2018/1/2,13625
2018/1/3,14978.2002
2018/1/4,15270.7002
2018/1/5,15477.2002
2018/1/6,17462.09961
2018/1/7,17527.30078
2018/1/8,16476.19922
2018/1/9,15123.7002
2018/1/10,14588.5
2018/1/11,14968.2002
2018/1/12,13453.90039
2018/1/13,13952.40039
2018/1/14,14370.79981
2018/1/15,13767.29981
2018/1/16,13836.09961
2018/1/17,11431.09961
2018/1/18,11198.79981
2018/1/19,11429.79981
2018/1/20,11656.2002
2018/1/21,12889.2002
2018/1/22,11633.09961
2018/1/23,10944.5
2018/1/24,10903.40039
2018/1/25,11421.7002
2018/1/26,11256
2018/1/27,11174.90039
2018/1/28,11475.29981
2018/1/29,11755.5
2018/1/30,11306.79981
2018/1/31,10108.2002
2018/2/1,10237.29981
2018/2/2,9142.280273
2018/2/3,8852.120117
2018/2/4,9175.700195
2018/2/5,8270.540039
2018/2/6,7051.75
2018/2/7,7755.490234
2018/2/8,7637.859863
2018/2/9,8271.839844
2018/2/10,8720.080078
2018/2/11,8616.129883
2018/2/12,8141.430176
2018/2/13,8926.719727
2018/2/14,8599.919922
2018/2/15,9488.320313
2018/2/16,10135.7002
2018/2/17,10207.5
2018/2/18,11123.40039
2018/2/19,10552.59961
2018/2/20,11231.79981
2018/2/21,11372.2002
2018/2/22,10660.40039
2018/2/23,9937.070313
2018/2/24,10287.7002
2018/2/25,9796.419922
2018/2/26,9669.429688
2018/2/27,10393.90039
2018/2/28,10687.2002
2018/3/1,10385
2018/3/2,10977.40039
2018/3/3,11101.90039
2018/3/4,11497.40039
2018/3/5,11532.40039
2018/3/6,11500.09961
2018/3/7,10803.90039
2018/3/8,9951.44043
2018/3/9,9414.69043
2018/3/10,9350.589844
2018/3/11,8852.780273
2018/3/12,9602.929688
2018/3/13,9173.040039
2018/3/14,9214.650391
2018/3/15,8290.759766
2018/3/16,8322.910156
2018/3/17,8321.910156
2018/3/18,7890.52002
2018/3/19,8344.120117
2018/3/20,8619.669922
2018/3/21,8937.480469
2018/3/22,8939.44043
2018/3/23,8736.25
2018/3/24,8901.950195
2018/3/25,8612.80957
2018/3/26,8498.469727
2018/3/27,8200
2018/3/28,7836.830078
2018/3/29,7979.069824
2018/3/30,7171.450195
2018/3/31,6892.47998
2018/4/1,7003.060059
2018/4/2,6844.859863
2018/4/3,7102.259766
2018/4/4,7456.410156
2018/4/5,6848.649902
2018/4/6,6815.959961
2018/4/7,6630.509766
2018/4/8,6919.97998
2018/4/9,7044.319824
2018/4/10,6795.439941
2018/4/11,6843.470215
2018/4/12,6955.379883
2018/4/13,7901.089844
2018/4/14,7874.669922
2018/4/15,7999.330078
2018/4/16,8337.570313
2018/4/17,8071.660156
2018/4/18,7944.430176
2018/4/19,8159.27002
2018/4/20,8286.879883
2018/4/21,8848.790039
2018/4/22,8925.05957
2018/4/23,8794.389648
2018/4/24,8934.339844
2018/4/25,9701.030273
2018/4/26,8867.320313
2018/4/27,9290.629883
2018/4/28,8939.269531
2018/4/29,9346.410156
2018/4/30,9426.110352
2018/5/1,9251.469727
2018/5/2,9104.599609
2018/5/3,9233.969727
2018/5/4,9695.5
2018/5/5,9700.280273
2018/5/6,9845.30957
2018/5/7,9645.669922
2018/5/8,9380.870117
2018/5/9,9223.730469
2018/5/10,9325.959961
2018/5/11,9052.959961
2018/5/12,8441.44043
2018/5/13,8515.490234
2018/5/14,8713.099609
2018/5/15,8705.19043
2018/5/16,8504.410156
2018/5/17,8370.049805
2018/5/18,8091.830078
2018/5/19,8255.730469
2018/5/20,8246.990234
2018/5/21,8522.330078
2018/5/22,8419.870117
2018/5/23,8037.080078
2018/5/24,7561.120117
2018/5/25,7592.299805
2018/5/26,7486.47998
2018/5/27,7362.080078
2018/5/28,7371.310059
2018/5/29,7129.459961
2018/5/30,7469.72998
2018/5/31,7406.149902
2018/6/1,7500.700195
2018/6/2,7536.720215
2018/6/3,7632.089844
2018/6/4,7722.529785
2018/6/5,7500.899902
2018/6/6,7625.970215
2018/6/7,7650.819824
2018/6/8,7685.140137
2018/6/9,7632.52002
2018/6/10,7499.549805
2018/6/11,6799.290039
2018/6/12,6905.819824
2018/6/13,6596.879883
2018/6/14,6342.75
2018/6/15,6674.080078
2018/6/16,6455.450195
2018/6/17,6545.529785
2018/6/18,6510.069824
2018/6/19,6742.390137
2018/6/20,6770.759766
2018/6/21,6780.089844
2018/6/22,6737.879883
2018/6/23,6090.100098
2018/6/24,6164.279785
2018/6/25,6171.970215
2018/6/26,6253.549805
2018/6/27,6084.399902
2018/6/28,6153.160156
2018/6/29,5898.129883
2018/6/30,6214.220215
2018/7/1,6411.680176
2018/7/2,6380.379883
2018/7/3,6596.660156
2018/7/4,6550.870117
2018/7/5,6599.709961
2018/7/6,6638.689941
2018/7/7,6668.709961
2018/7/8,6857.799805
2018/7/9,6775.080078
2018/7/10,6739.209961
2018/7/11,6330.77002
2018/7/12,6396.779785
2018/7/13,6235.029785
2018/7/14,6247.5
2018/7/15,6272.700195
2018/7/16,6357.009766
2018/7/17,6739.649902
2018/7/18,7315.319824
2018/7/19,7378.200195
2018/7/20,7467.399902
2018/7/21,7352.720215
2018/7/22,7417.799805
2018/7/23,7414.709961
2018/7/24,7716.509766
2018/7/25,8379.660156
2018/7/26,8176.850098
2018/7/27,7950.399902
2018/7/28,8169.060059
2018/7/29,8205.820313
2018/7/30,8221.580078
2018/7/31,8181.200195
2018/8/1,7769.040039
2018/8/2,7634.189941
2018/8/3,7562.140137
2018/8/4,7438.669922
2018/8/5,7031.080078
2018/8/6,7062.939941
2018/8/7,6958.319824
2018/8/8,6746.850098
2018/8/9,6305.560059
2018/8/10,6571.419922
2018/8/11,6185.790039
2018/8/12,6283.649902
2018/8/13,6341.359863
2018/8/14,6287.660156
2018/8/15,6221.419922
2018/8/16,6294.22998
2018/8/17,6340.910156
2018/8/18,6583.430176
2018/8/19,6422.569824
2018/8/20,6500.509766
2018/8/21,6301.069824
2018/8/22,6486.25
2018/8/23,6371.339844
2018/8/24,6551.52002
2018/8/25,6719.950195
2018/8/26,6754.640137
2018/8/27,6710.799805
2018/8/28,6891.080078
2018/8/29,7091.709961
2018/8/30,7043.759766
2018/8/31,6973.970215
2018/9/1,7044.810059
2018/9/2,7189.580078
2018/9/3,7279.029785
2018/9/4,7263
2018/9/5,7361.459961
2018/9/6,6755.140137
2018/9/7,6528.919922
2018/9/8,6460.169922
2018/9/9,6223.379883
2018/9/10,6301.569824
2018/9/11,6331.879883
2018/9/12,6317.009766
2018/9/13,6354.240234
2018/9/14,6515.410156
2018/9/15,6509.399902
2018/9/16,6536.680176
2018/9/17,6514.060059
2018/9/18,6280.910156
2018/9/19,6371.850098
2018/9/20,6398.850098
2018/9/21,6513.870117
2018/9/22,6735.049805
2018/9/23,6715.319824
2018/9/24,6704.77002
2018/9/25,6603.640137
2018/9/26,6452.790039
2018/9/27,6495.290039
2018/9/28,6678.75
2018/9/29,6643.100098
2018/9/30,6604.709961
2018/10/1,6619.850098
2018/10/2,6593.240234
2018/10/3,6553.859863
2018/10/4,6497.910156
2018/10/5,6574.149902
2018/10/6,6622.450195
2018/10/7,6590.680176
2018/10/8,6600.189941
2018/10/9,6653.080078
2018/10/10,6640.290039
2018/10/11,6586.740234
2018/10/12,6239.25
2018/10/13,6278.080078
2018/10/14,6288.490234
2018/10/15,6292.640137
2018/10/16,6601.410156
2018/10/17,6590.52002
2018/10/18,6542.330078
2018/10/19,6478.069824
2018/10/20,6460.919922
2018/10/21,6490.089844
2018/10/22,6486.049805
2018/10/23,6472.359863
2018/10/24,6478.890137
2018/10/25,6484.649902
2018/10/26,6468.439941
2018/10/27,6480.839844
2018/10/28,6482.660156
2018/10/29,6492.350098
2018/10/30,6337.040039
2018/10/31,6336.990234
2018/11/1,6318.140137
2018/11/2,6378.919922
2018/11/3,6387.240234
2018/11/4,6365.470215
2018/11/5,6363.620117
2018/11/6,6433.379883
2018/11/7,6468.5
2018/11/8,6522.27002
2018/11/9,6442.600098
2018/11/10,6386.129883
2018/11/11,6413.629883
2018/11/12,6411.759766
2018/11/13,6373.189941
2018/11/14,6351.240234
2018/11/15,5736.149902
2018/11/16,5645.319824
2018/11/17,5578.580078
2018/11/18,5559.740234
2018/11/19,5620.779785
2018/11/20,4863.930176
2018/11/21,4465.540039
2018/11/22,4611.569824
2018/11/23,4360.700195
2018/11/24,4347.689941
2018/11/25,3880.780029
2018/11/26,4015.070068
2018/11/27,3765.949951
2018/11/28,3822.469971
2018/11/29,4269.004395
2018/11/30,4289.088867
2018/12/1,4024.464355
2018/12/2,4200.733398
2018/12/3,4147.32373
2018/12/4,3886.294922
2018/12/5,3958.894775
2018/12/6,3754.074463
2018/12/7,3512.590332
2018/12/8,3421.9104
2018/12/9,3473.227539
2018/12/10,3612.046387
2018/12/11,3497.554688
2018/12/12,3421.458252
2018/12/13,3487.879395
2018/12/14,3311.751953
2018/12/15,3243.997559
2018/12/16,3236.274658
2018/12/17,3253.123047
2018/12/18,3544.761475
2018/12/19,3706.824951
2018/12/20,3742.195068
2018/12/21,4133.703613
2018/12/22,3898.08374
2018/12/23,4020.994629
2018/12/24,4000.331787
2018/12/25,4081.030518
2018/12/26,3819.666748
2018/12/27,3854.688477
2018/12/28,3653.131836
2018/12/29,3932.491699
2018/12/30,3822.384766
2018/12/31,3866.839111
2019/1/1,3746.713379
2019/1/2,3849.216309
2019/1/3,3931.048584
2019/1/4,3832.040039
2019/1/5,3851.973877
2019/1/6,3836.519043
2019/1/7,4078.584961
2019/1/8,4028.472168
2019/1/9,4031.552002
2019/1/10,4034.411377
2019/1/11,3674.015381
2019/1/12,3686.973145
2019/1/13,3658.868164
2019/1/14,3557.311035
2019/1/15,3704.216309
2019/1/16,3631.509766
2019/1/17,3651.871094
2019/1/18,3677.990479
2019/1/19,3652.37793
2019/1/20,3725.446045
2019/1/21,3600.372803
2019/1/22,3575.081299
2019/1/23,3605.557129
2019/1/24,3584.500244
2019/1/25,3607.390381
2019/1/26,3599.715332
2019/1/27,3604.687256
2019/1/28,3584.283203
2019/1/29,3468.870117
2019/1/30,3443.896973
2019/1/31,3485.40918
2019/2/1,3460.547119
2019/2/2,3484.625977
2019/2/3,3516.139648
2019/2/4,3467.21167
2019/2/5,3454.950928
2019/2/6,3469.091797
2019/2/7,3414.929443
2019/2/8,3401.376465
2019/2/9,3671.585938
2019/2/10,3673.201416
2019/2/11,3695.613037
2019/2/12,3642.751953
2019/2/13,3653.604004
2019/2/14,3631.170166
2019/2/15,3617.368408
2019/2/16,3615.270264
2019/2/17,3633.359375
2019/2/18,3671.369873
2019/2/19,3911.661621
2019/2/20,3946.685059
2019/2/21,4000.256836
2019/2/22,3952.406494
2019/2/23,3998.91626
2019/2/24,4145.458008
2019/2/25,3807.002441
2019/2/26,3878.697266
2019/2/27,3857.479736
2019/2/28,3848.261963
2019/3/1,3853.75708
2019/3/2,3855.318115
2019/3/3,3862.266113
2019/3/4,3845.091553
2019/3/5,3759.83252
2019/3/6,3897.081055
2019/3/7,3903.384766
2019/3/8,3913.22583
2019/3/9,3894.55249
2019/3/10,3966.174316
2019/3/11,3953.740234
2019/3/12,3903.758301
2019/3/13,3913.047363
2019/3/14,3905.576904
2019/3/15,3926.66333
2019/3/16,3963.900146
2019/3/17,4047.719482
2019/3/18,4029.968506
2019/3/19,4032.691895
2019/3/20,4070.793945
2019/3/21,4083.953857
2019/3/22,4028.514648
2019/3/23,4022.713379
2019/3/24,4035.163574
2019/3/25,4024.112793
2019/3/26,3969.22876
2019/3/27,3984.244873
2019/3/28,4087.584473
2019/3/29,4068.299805
2019/3/30,4092.13623
2019/3/31,4105.456055
2019/4/1,4105.362305
2019/4/2,4156.919434
2019/4/3,4879.958008
2019/4/4,4971.307617
2019/4/5,4922.806152
2019/4/6,5036.792969
2019/4/7,5062.793945
2019/4/8,5199.835449
2019/4/9,5289.917969
2019/4/10,5204.105469
2019/4/11,5325.081543
2019/4/12,5061.200684
2019/4/13,5088.850098
2019/4/14,5095.758789
2019/4/15,5167.321777
2019/4/16,5066.577637
2019/4/17,5236.135254
2019/4/18,5251.480469
2019/4/19,5298.154297
2019/4/20,5304.160645
2019/4/21,5335.878906
2019/4/22,5312.494629
2019/4/23,5399.365723
2019/4/24,5571.508301
2019/4/25,5466.524414
2019/4/26,5210.304688
2019/4/27,5279.471191
2019/4/28,5271.746582
2019/4/29,5284.858398
2019/4/30,5247.726074
2019/5/1,5350.914551
2019/5/2,5402.422852
2019/5/3,5505.552246
2019/5/4,5769.202637
2019/5/5,5831.068359
2019/5/6,5791.693359
2019/5/7,5745.599121
2019/5/8,5849.481445
2019/5/9,5982.316406
2019/5/10,6175.822754
2019/5/11,6379.666992
2019/5/12,7203.507324
2019/5/13,6971.178223
2019/5/14,7807.884277
2019/5/15,7989.374512
2019/5/16,8194.500977
2019/5/17,7886.925781
2019/5/18,7341.664551
2019/5/19,7267.962891
2019/5/20,8196.923828
2019/5/21,7977.969238
2019/5/22,7956.291992
2019/5/23,7677.269043
2019/5/24,7881.695313
2019/5/25,7991.885254
2019/5/26,8055.206055
2019/5/27,8674.072266
2019/5/28,8802.757813
2019/5/29,8718.591797
2019/5/30,8661.760742
2019/5/31,8320.286133
2019/6/1,8573.839844
2019/6/2,8565.473633
2019/6/3,8741.74707
2019/6/4,8210.985352
2019/6/5,7704.343262
2019/6/6,7819.633301
2019/6/7,7826.901367
2019/6/8,8036.774902
2019/6/9,7949.674805
2019/6/10,7692.284668
2019/6/11,8004.243652
2019/6/12,7925.434082
2019/6/13,8145.54541
2019/6/14,8230.898438
2019/6/15,8689.746094
2019/6/16,8841.44043
2019/6/17,8988.923828
2019/6/18,9335.466797
2019/6/19,9078.727539
2019/6/20,9273.060547
2019/6/21,9525.074219
2019/6/22,10175.92383
2019/6/23,10696.69141
2019/6/24,10853.74414
2019/6/25,11007.20215
2019/6/26,11778.58106
2019/6/27,13017.125
2019/6/28,11162.16797
2019/6/29,12400.76367
2019/6/30,11931.99121
2019/7/1,10796.93066
2019/7/2,10588.68359
2019/7/3,10818.15625
2019/7/4,11972.71875
2019/7/5,11203.10254
2019/7/6,10982.54395
2019/7/7,11217.61621
2019/7/8,11446.59668
2019/7/9,12284.32617
2019/7/10,12571.53711
2019/7/11,12139.71387
2019/7/12,11354.29981
2019/7/13,11813.12695
2019/7/14,11381.02051
2019/7/15,10257.83887
2019/7/16,10896.65332
2019/7/17,9471.213867
2019/7/18,9698.50293
2019/7/19,10653.95606
2019/7/20,10525.81934
2019/7/21,10777.5293
2019/7/22,10596.94824
2019/7/23,10346.74805
2019/7/24,9887.730469
2019/7/25,9809.09668
2019/7/26,9913.126953
2019/7/27,9871.165039
2019/7/28,9491.626953
2019/7/29,9548.178711
2019/7/30,9522.329102
2019/7/31,9604.050781
2019/8/1,10077.44238
2019/8/2,10402.04297
2019/8/3,10519.27832
2019/8/4,10821.63281
2019/8/5,10960.73535
2019/8/6,11811.54492
2019/8/7,11476.19336
2019/8/8,11954.04004
2019/8/9,11953.46973
2019/8/10,11861.55664
2019/8/11,11349.74023
2019/8/12,11528.18945
2019/8/13,11385.05273
2019/8/14,10889.48731
2019/8/15,10038.42188
2019/8/16,10319.41992
2019/8/17,10358.72266
2019/8/18,10233.00586
2019/8/19,10350.2832
2019/8/20,10916.34668
2019/8/21,10764.57227
2019/8/22,10142.52148
2019/8/23,10136.30957
2019/8/24,10407.64453
2019/8/25,10160.73731
2019/8/26,10126.29981
2019/8/27,10372.82617
2019/8/28,10203.42676
2019/8/29,9756.786133
2019/8/30,9514.844727
2019/8/31,9597.539063
2019/9/1,9630.592773
2019/9/2,9757.473633
2019/9/3,10345.72559
2019/9/4,10621.18066
2019/9/5,10588.18359
2019/9/6,10578.19824
2019/9/7,10353.93164
2019/9/8,10518.11426
2019/9/9,10443.22852
2019/9/10,10336.4082
2019/9/11,10123.03516
2019/9/12,10176.81934
2019/9/13,10415.36231
2019/9/14,10345.40332
2019/9/15,10356.46582
2019/9/16,10347.22266
2019/9/17,10281.51367
2019/9/18,10247.7959
2019/9/19,10200.49609
2019/9/20,10266.31836
2019/9/21,10183.64844
2019/9/22,10024.11523
2019/9/23,10067.96289
2019/9/24,9729.321289
2019/9/25,8603.428711
2019/9/26,8487.669922
2019/9/27,8113.101074
2019/9/28,8251.273438
2019/9/29,8246.037109
2019/9/30,8104.226563
2019/10/1,8299.720703
2019/10/2,8344.212891
2019/10/3,8390.774414
2019/10/4,8259.494141
2019/10/5,8210.149414
2019/10/6,8149.876953
2019/10/7,7989.120605
2019/10/8,8246.849609
2019/10/9,8229.84082
2019/10/10,8585.280273
2019/10/11,8585.262695
2019/10/12,8315.665039
2019/10/13,8336.902344
2019/10/14,8320.832031
2019/10/15,8373.458008
2019/10/16,8204.674805
2019/10/17,8047.8125
2019/10/18,8100.933594
2019/10/19,7973.803711
2019/10/20,7997.807129
2019/10/21,8225.115234
2019/10/22,8243.402344
2019/10/23,8076.228516
2019/10/24,7509.728027
2019/10/25,7490.703125
2019/10/26,8667.577148
2019/10/27,9241.707031
2019/10/28,9565.101563
2019/10/29,9248.44043
2019/10/30,9422.462891
2019/10/31,9202.458008
2019/11/1,9193.992188
2019/11/2,9259.783203
2019/11/3,9324.787109
2019/11/4,9235.607422
2019/11/5,9413.004883
2019/11/6,9340.864258
2019/11/7,9352.393555
2019/11/8,9265.368164
2019/11/9,8809.46875
2019/11/10,8812.489258
2019/11/11,9056.917969
2019/11/12,8759.751953
2019/11/13,8812.033203
2019/11/14,8811.936523
2019/11/15,8705.708008
2019/11/16,8491.166016
2019/11/17,8549.470703
2019/11/18,8573.980469
2019/11/19,8305.134766
2019/11/20,8203.613281
2019/11/21,8023.644531
2019/11/22,7643.569336
2019/11/23,7296.164551
2019/11/24,7398.633789
2019/11/25,7039.977051
2019/11/26,7145.15918
2019/11/27,7220.880859
2019/11/28,7536.820313
2019/11/29,7466.727051
2019/11/30,7764.057129
2019/12/1,7571.616211
2019/12/2,7424.036133
2019/12/3,7323.975586
2019/12/4,7320.125
2019/12/5,7253.241699
2019/12/6,7450.561523
2019/12/7,7547.265625
2019/12/8,7551.338867
2019/12/9,7561.79541
2019/12/10,7397.134277
2019/12/11,7277.197754
2019/12/12,7216.73877
2019/12/13,7244.662109
2019/12/14,7268.902832
2019/12/15,7124.239746
2019/12/16,7153.663086
2019/12/17,6931.31543
2019/12/18,6647.698242
2019/12/19,7277.59082
2019/12/20,7208.636719
2019/12/21,7220.59375
2019/12/22,7191.188477
2019/12/23,7508.902344
2019/12/24,7354.393066
2019/12/25,7325.755859
2019/12/26,7274.799316
2019/12/27,7238.141113
2019/12/28,7289.03125
2019/12/29,7317.647461
2019/12/30,7420.272949
2019/12/31,7294.438965
2020/1/1,7194.89209
2020/1/2,7202.55127
2020/1/3,6984.428711
2020/1/4,7345.375488
2020/1/5,7410.45166
2020/1/6,7410.452148
2020/1/7,7768.682129
2020/1/8,8161.935547
2020/1/9,8082.295898
2020/1/10,7878.307617
2020/1/11,8162.190918
2020/1/12,8033.261719
2020/1/13,8189.771973
2020/1/14,8140.933105
2020/1/15,8825.34375
2020/1/16,8812.481445
2020/1/17,8725.209961
2020/1/18,8927.211914
2020/1/19,8941.445313
2020/1/20,8704.631836
2020/1/21,8658.991211
2020/1/22,8744.210938
2020/1/23,8680.650391
2020/1/24,8405.567383
2020/1/25,8440.119141
2020/1/26,8364.410156
2020/1/27,8597.308594
2020/1/28,8912.524414
2020/1/29,9357.470703
2020/1/30,9316.016602
2020/1/31,9508.313477
2020/2/1,9346.357422
2020/2/2,9389.820313
2020/2/3,9344.683594
2020/2/4,9292.841797
2020/2/5,9183.416016
2020/2/6,9617.821289
2020/2/7,9726.00293
2020/2/8,9793.070313
2020/2/9,9863.894531
2020/2/10,10115.55957
2020/2/11,9855.891602
2020/2/12,10202.3877
2020/2/13,10323.96094
2020/2/14,10211.55078
2020/2/15,10313.85645
2020/2/16,9889.179688
2020/2/17,9936.560547
2020/2/18,9691.230469
2020/2/19,10143.79883
2020/2/20,9629.325195
2020/2/21,9611.782227
2020/2/22,9687.707031
2020/2/23,9663.318359
2020/2/24,9921.583008
2020/2/25,9651.3125
2020/2/26,9338.290039
2020/2/27,8825.09375
2020/2/28,8788.728516
2020/2/29,8671.212891
2020/3/1,8599.758789
2020/3/2,8563.264648
2020/3/3,8865.387695
2020/3/4,8788.541992
2020/3/5,8760.285156
2020/3/6,9078.308594
2020/3/7,9121.600586
2020/3/8,8908.206055
2020/3/9,8111.146484
2020/3/10,7922.146973
2020/3/11,7910.089844
2020/3/12,7913.616211
2020/3/13,5017.831055
2020/3/14,5573.077637
2020/3/15,5201.066895
2020/3/16,5385.229492
2020/3/17,5002.578125
2020/3/18,5227.11377
2020/3/19,5245.416504
2020/3/20,6191.653809
2020/3/21,6206.521484
2020/3/22,6185.558105
2020/3/23,5831.374512
2020/3/24,6436.642578
2020/3/25,6738.716797
2020/3/26,6675.170898
2020/3/27,6719.38916
2020/3/28,6467.253906
2020/3/29,6245.624512
2020/3/30,5925.538574
2020/3/31,6430.606445
2020/4/1,6437.319336
2020/4/2,6606.776367
2020/4/3,6797.396484
2020/4/4,6738.382813
2020/4/5,6862.537598
2020/4/6,6788.049805
2020/4/7,7273.644043
2020/4/8,7179.283203
2020/4/9,7337.966309
2020/4/10,7303.81543
2020/4/11,6867.44043
2020/4/12,6858.067871
2020/4/13,6965.616699
2020/4/14,6843.281738
2020/4/15,6845.561523
2020/4/16,6640.454102
2020/4/17,7116.552734
2020/4/18,7092.291504
2020/4/19,7260.922363
2020/4/20,7186.873535
2020/4/21,6879.78418
2020/4/22,6879.44043
2020/4/23,7121.306152
2020/4/24,7434.181641
2020/4/25,7550.48291
2020/4/26,7570.13916
2020/4/27,7679.418945
2020/4/28,7796.970215
2020/4/29,7806.712402
2020/4/30,8797.669922
2020/5/1,8672.782227
2020/5/2,8869.057617
2020/5/3,8983.614258
2020/5/4,8895.745117
2020/5/5,8912.832031
2020/5/6,9007.441406
2020/5/7,9261.895508
2020/5/8,9936.162109
2020/5/9,9840.90625
2020/5/10,9591.168945
2020/5/11,8755.535156
2020/5/12,8610.385742
2020/5/13,8805.387695
2020/5/14,9271.329102
2020/5/15,9734.291016
2020/5/16,9333.240234
2020/5/17,9374.929688
2020/5/18,9675.695313
2020/5/19,9727.063477
2020/5/20,9725.329102
2020/5/21,9522.740234
2020/5/22,9080.334961
2020/5/23,9185.0625
2020/5/24,9212.283203
2020/5/25,8786.107422
2020/5/26,8909.585938
2020/5/27,8837.380859
2020/5/28,9184.945313
2020/5/29,9528.355469
2020/5/30,9438.914063
2020/5/31,9700.105469
2020/6/1,9463.605469
2020/6/2,10162.97363
2020/6/3,9533.760742
2020/6/4,9655.854492
2020/6/5,9800.21582
2020/6/6,9664.904297
2020/6/7,9653.00293
2020/6/8,9760.063477
2020/6/9,9774.360352
2020/6/10,9794.119141
2020/6/11,9870.078125
2020/6/12,9320.69043
2020/6/13,9480.735352
2020/6/14,9477.553711
2020/6/15,9386.035156
2020/6/16,9454.266602
2020/6/17,9533.78418
2020/6/18,9481.567383
2020/6/19,9410.293945
2020/6/20,9290.959961
2020/6/21,9330.926758
2020/6/22,9300.915039
2020/6/23,9644.076172
2020/6/24,9632.149414
2020/6/25,9314.126953
2020/6/26,9260.995117
2020/6/27,9167.824219
2020/6/28,9048.460938
2020/6/29,9140.029297
2020/6/30,9185.581055
2020/7/1,9145.985352
2020/7/2,9231.139648
2020/7/3,9124.842773
2020/7/4,9084.233398
2020/7/5,9126.09082
2020/7/6,9072.849609
2020/7/7,9349.161133
2020/7/8,9253.020508
2020/7/9,9427.994141
2020/7/10,9273.357422
2020/7/11,9277.511719
2020/7/12,9241.054688
2020/7/13,9277.205078
2020/7/14,9238.703125
2020/7/15,9241.897461
2020/7/16,9191.980469
2020/7/17,9131.8125
2020/7/18,9151.183594
2020/7/19,9158.005859
2020/7/20,9187.220703
2020/7/21,9162.514648
2020/7/22,9375.080078
2020/7/23,9527.141602
2020/7/24,9585.514648
2020/7/25,9539.485352
2020/7/26,9680.234375
2020/7/27,9905.217773
2020/7/28,11017.46387
2020/7/29,10912.95313
2020/7/30,11099.83301
2020/7/31,11110.21094
2020/8/1,11322.57031
2020/8/2,11758.76465
2020/8/3,11043.76856
2020/8/4,11246.20313
2020/8/5,11203.82324
2020/8/6,11749.87109
2020/8/7,11778.89453
2020/8/8,11604.55371
2020/8/9,11737.3252
2020/8/10,11662.25684
2020/8/11,11881.64746
2020/8/12,11404.59668
2020/8/13,11588.40527
2020/8/14,11772.65918
2020/8/15,11768.69727
2020/8/16,11866.68555
2020/8/17,11895.6582
2020/8/18,12251.89551
2020/8/19,11990.88477
2020/8/20,11761.5
2020/8/21,11878.02637
2020/8/22,11585.47754
2020/8/23,11679.69629
2020/8/24,11663.68945
2020/8/25,11773.58887
2020/8/26,11366.89453
2020/8/27,11485.6084
2020/8/28,11325.2959
2020/8/29,11541.05469
2020/8/30,11508.71387
2020/8/31,11713.30664
2020/9/1,11679.31641
2020/9/2,11964.82324
2020/9/3,11407.19141
2020/9/4,10230.36523
2020/9/5,10512.53027
2020/9/6,10167.2168
2020/9/7,10280.99805
2020/9/8,10369.30664
2020/9/9,10134.15137
2020/9/10,10242.33008
2020/9/11,10369.02832
2020/9/12,10409.86133
2020/9/13,10452.39941
2020/9/14,10328.73438
2020/9/15,10677.75488
2020/9/16,10797.76172
2020/9/17,10973.25195
2020/9/18,10951.82031
2020/9/19,10933.75293
2020/9/20,11095.87012
2020/9/21,10934.92578
2020/9/22,10459.62402
2020/9/23,10535.49219
2020/9/24,10248.78613
2020/9/25,10761.10938
2020/9/26,10695.5752
2020/9/27,10746.89258
2020/9/28,10776.61328
2020/9/29,10709.65039
2020/9/30,10843.87109
2020/10/1,10795.25488
2020/10/2,10619.82129
2020/10/3,10575.10059
2020/10/4,10550.44043
2020/10/5,10676.5293
2020/10/6,10796.30664
2020/10/7,10603.35547
2020/10/8,10669.37109
2020/10/9,10927.91309
2020/10/10,11059.14258
2020/10/11,11296.08203
2020/10/12,11392.63574
2020/10/13,11548.71973
2020/10/14,11429.04785
2020/10/15,11426.60254
2020/10/16,11502.82813
2020/10/17,11322.12305
2020/10/18,11355.98242
2020/10/19,11495.03809
2020/10/20,11745.97461
2020/10/21,11913.07715
2020/10/22,12801.63574
2020/10/23,12971.54883
2020/10/24,12931.57422
2020/10/25,13108.06348
2020/10/26,13031.20117
2020/10/27,13075.24219
2020/10/28,13654.21484
2020/10/29,13271.29883
2020/10/30,13437.87402
2020/10/31,13546.53223
2020/11/1,13780.99512
2020/11/2,13737.03223
2020/11/3,13550.45117
2020/11/4,13950.48828
2020/11/5,14133.7334
2020/11/6,15579.72949
2020/11/7,15565.88086
2020/11/8,14833.75391
2020/11/9,15479.5957
2020/11/10,15332.35059
2020/11/11,15290.90918
2020/11/12,15701.29883
2020/11/13,16276.44043
2020/11/14,16317.80859
2020/11/15,16068.13965
2020/11/16,15955.57715
2020/11/17,16685.69141
2020/11/18,17645.19141
2020/11/19,17803.86133
2020/11/20,17817.08398
2020/11/21,18621.31641
2020/11/22,18642.23242
2020/11/23,18370.01758
2020/11/24,18365.01563
2020/11/25,19104.41016
2020/11/26,18729.83984
2020/11/27,17153.91406
2020/11/28,17112.93359
2020/11/29,17719.63477
2020/11/30,18178.32227
2020/12/1,19633.76953
2020/12/2,18801.74414
2020/12/3,19205.92578
2020/12/4,19446.9668
2020/12/5,18698.38477
2020/12/6,19154.17969
2020/12/7,19343.12891
2020/12/8,19191.5293
2020/12/9,18320.88477
2020/12/10,18553.29883
2020/12/11,18263.92969
2020/12/12,18051.32031
2020/12/13,18806.76563
2020/12/14,19144.49219
2020/12/15,19246.91992
2020/12/16,19418.81836
2020/12/17,21308.35156
2020/12/18,22806.79688
2020/12/19,23132.86523
2020/12/20,23861.76563
2020/12/21,23474.45508
2020/12/22,22794.03906
2020/12/23,23781.97461
2020/12/24,23240.20313
2020/12/25,23733.57031
2020/12/26,24677.01563
2020/12/27,26439.37305
2020/12/28,26280.82227
2020/12/29,27081.81055
2020/12/30,27360.08984
2020/12/31,28841.57422
2021/1/1,28994.00977
2021/1/2,29376.45508
2021/1/3,32129.4082
2021/1/4,32810.94922
2021/1/5,31977.04102
2021/1/6,34013.61328
2021/1/7,36833.875
2021/1/8,39381.76563
2021/1/9,40788.64063
2021/1/10,40254.21875
2021/1/11,38346.53125
2021/1/12,35516.35938
2021/1/13,33915.12109
2021/1/14,37325.10938
2021/1/15,39156.70703
2021/1/16,36821.64844
2021/1/17,36163.64844
2021/1/18,35792.23828
2021/1/19,36642.23438
2021/1/20,36050.11328
2021/1/21,35549.39844
2021/1/22,30817.625
2021/1/23,32985.75781
2021/1/24,32064.37695
2021/1/25,32285.79883
2021/1/26,32358.61328
2021/1/27,32564.0293
2021/1/28,30441.04102
2021/1/29,34318.67188
2021/1/30,34295.93359
2021/1/31,34270.87891
2021/2/1,33114.57813
2021/2/2,33533.19922
2021/2/3,35510.82031
2021/2/4,37475.10547
2021/2/5,36931.54688
2021/2/6,38138.38672
2021/2/7,39250.19141
2021/2/8,38886.82813
2021/2/9,46184.99219
2021/2/10,46469.76172
2021/2/11,44898.71094
2021/2/12,47877.03516
2021/2/13,47491.20313
2021/2/14,47114.50781
2021/2/15,48696.53516
2021/2/16,47944.45703
2021/2/17,49207.27734
2021/2/18,52140.97266
2021/2/19,51675.98047
2021/2/20,55887.33594
2021/2/21,56068.56641
2021/2/22,57532.73828
2021/2/23,54204.92969
2021/2/24,48835.08594
2021/2/25,49709.08203
2021/2/26,47180.46484
2021/2/27,46344.77344
2021/2/28,46194.01563
2021/3/1,45159.50391
2021/3/2,49612.10547
2021/3/3,48415.81641
2021/3/4,50522.30469
2021/3/5,48527.03125
2021/3/6,48899.23047
2021/3/7,48918.67969
2021/3/8,51174.11719
2021/3/9,52272.96875
2021/3/10,54824.01172
2021/3/11,55963.17969
2021/3/12,57821.21875
2021/3/13,57343.37109
2021/3/14,61221.13281
2021/3/15,59267.42969
2021/3/16,55840.78516
2021/3/17,56825.82813
2021/3/18,58893.07813
2021/3/19,57850.44141
2021/3/20,58332.26172
2021/3/21,58309.91406
2021/3/22,57517.89063
2021/3/23,54511.66016
2021/3/24,54710.48828
2021/3/25,52726.74609
2021/3/26,51683.01172
2021/3/27,55137.56641
2021/3/28,55974.94141
2021/3/29,55947.89844
2021/3/30,57750.13281
2021/3/31,58930.27734
2021/4/1,58926.5625
2021/4/2,59098.87891
2021/4/3,59397.41016
2021/4/4,57604.83984
2021/4/5,58760.875
2021/4/6,59171.93359
2021/4/7,58186.50781
2021/4/8,56099.91406
2021/4/9,58326.5625
2021/4/10,58253.77734
2021/4/11,59846.23047
2021/4/12,60175.94531
2021/4/13,59890.01953
2021/4/14,63523.75391
2021/4/15,63075.19531
2021/4/16,63258.50391
2021/4/17,61529.92188
2021/4/18,60701.88672
2021/4/19,56191.58594
2021/4/20,55681.79297
2021/4/21,56471.12891
2021/4/22,53857.10547
2021/4/23,51739.80859
2021/4/24,51143.22656
2021/4/25,50052.83203
2021/4/26,49077.79297
2021/4/27,54030.30469
2021/4/28,55036.63672
2021/4/29,54858.08984
2021/4/30,53568.66406
2021/5/1,57714.66406
2021/5/2,57825.86328
2021/5/3,56620.27344
2021/5/4,57214.17969
2021/5/5,53252.16406
2021/5/6,57441.30859
2021/5/7,56413.95313
2021/5/8,57352.76563
2021/5/9,58877.39063
2021/5/10,58250.87109
2021/5/11,55847.24219
2021/5/12,56714.53125
2021/5/13,49735.43359
2021/5/14,49682.98047
2021/5/15,49855.49609
2021/5/16,46716.63672
2021/5/17,46415.89844
2021/5/18,43488.05859
2021/5/19,42944.97656
2021/5/20,36753.66797
2021/5/21,40596.94922
2021/5/22,37371.03125
2021/5/23,37531.44922
2021/5/24,34700.36328
2021/5/25,38795.78125
2021/5/26,38392.625
2021/5/27,39316.89063
2021/5/28,38507.08203
2021/5/29,35684.15625
2021/5/30,34607.40625
2021/5/31,35658.59375
2021/6/1,37293.79297
2021/6/2,36699.92188
2021/6/3,37599.41016
2021/6/4,39242.48438
2021/6/5,36880.15625
2021/6/6,35538.60938
2021/6/7,35835.26563
2021/6/8,33589.51953
2021/6/9,33416.97656
2021/6/10,37389.51563
2021/6/11,36697.03125
2021/6/12,37340.14453
2021/6/13,35555.78906
2021/6/14,39016.96875
2021/6/15,40427.16797
2021/6/16,40168.69141
2021/6/17,38341.42188
2021/6/18,38099.47656
2021/6/19,35854.52734
2021/6/20,35563.14063
2021/6/21,35641.14453
2021/6/22,31622.37695
2021/6/23,32515.71484
2021/6/24,33682.80078
2021/6/25,34659.10547
2021/6/26,31594.66406
2021/6/27,32287.52344
2021/6/28,34679.12109
2021/6/29,34475.55859
2021/6/30,35908.38672
2021/7/1,35035.98438
2021/7/2,33549.60156
2021/7/3,33854.42188
2021/7/4,34665.56641
2021/7/5,35284.34375
2021/7/6,33723.50781
2021/7/7,34225.67969
2021/7/8,33889.60547
2021/7/9,32861.67188
2021/7/10,33811.24219
2021/7/11,33509.07813
2021/7/12,34254.01563
2021/7/13,33125.46875
2021/7/14,32723.8457
2021/7/15,32827.875
2021/7/16,31841.55078
2021/7/17,31397.30859
2021/7/18,31533.88477
2021/7/19,31800.01172
2021/7/20,30838.28516
2021/7/21,29796.28516
2021/7/22,32138.87305
2021/7/23,32305.95898
2021/7/24,33593.73047
2021/7/25,34290.29297
2021/7/26,35384.03125
2021/7/27,37276.03516
2021/7/28,39503.1875
2021/7/29,39995.45313
2021/7/30,40027.48438
2021/7/31,42196.30469
2021/8/1,41460.84375
2021/8/2,39907.26172
2021/8/3,39178.40234
2021/8/4,38213.33203
2021/8/5,39744.51563
2021/8/6,40865.86719
2021/8/7,42832.79688
2021/8/8,44574.4375
2021/8/9,43791.92578
2021/8/10,46280.84766
2021/8/11,45599.70313
2021/8/12,45576.87891
2021/8/13,44439.69141
2021/8/14,47810.6875
2021/8/15,47096.66797
2021/8/16,47019.96094
2021/8/17,45936.45703
2021/8/18,44686.75
2021/8/19,44741.88281
2021/8/20,46723.12109
2021/8/21,49327.07422
2021/8/22,48869.10547
2021/8/23,49291.67578
2021/8/24,49562.34766
2021/8/25,47727.25781
2021/8/26,49002.64063
2021/8/27,46894.55469
2021/8/28,49072.58594
2021/8/29,48911.25
2021/8/30,48834.85156
2021/8/31,47024.33984
2021/9/1,47099.77344
2021/9/2,48807.84766
2021/9/3,49288.25
2021/9/4,50009.32422
2021/9/5,49937.85938
2021/9/6,51769.00391
2021/9/7,52660.48047
2021/9/8,46827.76172
2021/9/9,45774.74219
2021/9/10,46396.66406
2021/9/11,44869.83984
2021/9/12,45206.62891
2021/9/13,46057.21484
2021/9/14,44960.05078
2021/9/15,47098
2021/9/16,48158.90625
2021/9/17,47771.00391
2021/9/18,47273.52734
2021/9/19,48268.85547
2021/9/20,47261.40625
2021/9/21,43012.23438
2021/9/22,40677.95313
2021/9/23,43560.29688
2021/9/24,44894.30078
2021/9/25,42840.89063
2021/9/26,42721.62891
2021/9/27,43234.18359
2021/9/28,42200.89844
2021/9/29,41064.98438
2021/9/30,41551.26953
2021/10/1,43816.74219
2021/10/2,48137.46875
2021/10/3,47680.02734
2021/10/4,48208.90625
2021/10/5,49174.96094
2021/10/6,51486.66406
2021/10/7,55338.625
2021/10/8,53802.14453
2021/10/9,53929.78125
2021/10/10,54952.82031
2021/10/11,54734.125
2021/10/12,57526.83203
2021/10/13,56038.25781
2021/10/14,57372.83203
2021/10/15,57345.90234
2021/10/16,61609.52734
2021/10/17,60887.65234
2021/10/18,61548.80469
2021/10/19,62043.16406
2021/10/20,64284.58594
2021/10/21,66002.23438
2021/10/22,62237.89063
2021/10/23,60694.62891
2021/10/24,61368.34375
2021/10/25,60893.92578
2021/10/26,63032.76172
2021/10/27,60352
2021/10/28,58470.73047
2021/10/29,60624.87109
2021/10/30,62239.36328
2021/10/31,61850.48828
2021/11/1,61320.44922
2021/11/2,60963.25391
2021/11/3,63254.33594
2021/11/4,62941.80469
2021/11/5,61460.07813
2021/11/6,61068.875
2021/11/7,61554.92188
2021/11/8,63344.06641
2021/11/9,67549.73438
2021/11/10,66953.33594
2021/11/11,64978.89063
2021/11/12,64863.98047
2021/11/13,64158.12109
2021/11/14,64455.37109
2021/11/15,65521.28906
2021/11/16,63721.19531
2021/11/17,60139.62109
2021/11/18,60360.13672
2021/11/19,56896.12891
2021/11/20,58115.08203
2021/11/21,59730.50781
2021/11/22,58706.84766
2021/11/23,56304.55469
2021/11/24,57565.85156
2021/11/25,57165.41797
2021/11/26,58960.28516
2021/11/27,53736.42969
2021/11/28,54813.02344
2021/11/29,57291.90625
2021/11/30,57830.11328
2021/12/1,56907.96484
2021/12/2,57217.37109
2021/12/3,56509.16406
2021/12/4,53727.87891
2021/12/5,49201.51953
2021/12/6,49413.48047
2021/12/7,50581.82813
2021/12/8,50667.64844
2021/12/9,50450.08203
2021/12/10,47642.14453
2021/12/11,47264.63281
2021/12/12,49354.85547
2021/12/13,50114.74219
2021/12/14,46709.82422
2021/12/15,48379.75391
2021/12/16,48900.46484
2021/12/17,47653.73047
2021/12/18,46219.25391
2021/12/19,46853.86719
2021/12/20,46707.0625
2021/12/21,46886.07813
2021/12/22,48937.09766
2021/12/23,48626.34375
2021/12/24,50806.05078
2021/12/25,50854.91797
2021/12/26,50428.69141
2021/12/27,50802.60938
2021/12/28,50679.85938
2021/12/29,47623.87109
2021/12/30,46490.60547
2021/12/31,47169.37109
2022/1/1,46311.74609
2022/1/2,47680.92578
2022/1/3,47343.54297
2022/1/4,46458.85156
2022/1/5,45899.35938
2022/1/6,43565.51172
2022/1/7,43153.57031
2022/1/8,41561.46484
2022/1/9,41734.72656
2022/1/10,41910.23047
2022/1/11,41819.50781
2022/1/12,42742.17969
2022/1/13,43946.74219
2022/1/14,42598.87109
2022/1/15,43101.89844
2022/1/16,43172.03906
2022/1/17,43118.12109
2022/1/18,42250.07422
2022/1/19,42374.03906
2022/1/20,41744.02734
2022/1/21,40699.60547
2022/1/22,36471.58984
2022/1/23,35047.35938
2022/1/24,36275.73438
2022/1/25,36654.80469
2022/1/26,36950.51563
2022/1/27,36841.87891
2022/1/28,37128.44531
2022/1/29,37780.71484
2022/1/30,38151.91797
2022/1/31,37920.28125
2022/2/1,38481.76563
2022/2/2,38743.71484
2022/2/3,36944.80469
2022/2/4,37149.26563
2022/2/5,41501.48047
2022/2/6,41441.12109
2022/2/7,42406.78125
2022/2/8,43854.65234
2022/2/9,44096.70313
2022/2/10,44347.80078
2022/2/11,43571.12891
2022/2/12,42412.30078
2022/2/13,42236.56641
2022/2/14,42157.39844
2022/2/15,42586.46484
2022/2/16,44578.27734
2022/2/17,43937.07031
2022/2/18,40552.13281
2022/2/19,40026.02344
2022/2/20,40118.10156
2022/2/21,38423.21094
2022/2/22,37068.76953
2022/2/23,38285.28125
2022/2/24,37278.56641
2022/2/25,38333.74609
2022/2/26,39213.08203
2022/2/27,39098.69922
2022/2/28,37706
2022/3/1,43194.50391
2022/3/2,44357.61719
2022/3/3,43925.19531
2022/3/4,42458.14063
2022/3/5,39148.44922
2022/3/6,39404.19922
2022/3/7,38429.30469
2022/3/8,38059.90234
2022/3/9,38742.81641
2022/3/10,41974.07031
2022/3/11,39439.96875
2022/3/12,38794.46484
2022/3/13,38884.72656
2022/3/14,37846.31641
2022/3/15,39664.25
2022/3/16,39335.57031
2022/3/17,41140.84375
2022/3/18,40944.83984
2022/3/19,41794.64844
2022/3/20,42191.40625
2022/3/21,41246.13281
2022/3/22,41074.10547
2022/3/23,42364.37891
2022/3/24,42886.65234
2022/3/25,43964.54688
2022/3/26,44349.85938
2022/3/27,44505.35547
2022/3/28,46821.85156
2022/3/29,47100.4375
2022/3/30,47456.89844
2022/3/31,47062.14844
2022/4/1,45554.16406
2022/4/2,46285.5
2022/4/3,45859.12891
2022/4/4,46445.27344
2022/4/5,46624.50781
2022/4/6,45544.35547
2022/4/7,43207.5
2022/4/8,43505.13672
2022/4/9,42282.07813
2022/4/10,42781.08984
2022/4/11,42201.03906
2022/4/12,39533.71484
2022/4/13,40123.57031
2022/4/14,41160.21875
2022/4/15,39939.40234
2022/4/16,40552.31641
2022/4/17,40417.77734
2022/4/18,39721.20313
2022/4/19,40828.17578
2022/4/20,41501.74609
2022/4/21,41371.51563
2022/4/22,40525.86328
2022/4/23,39738.72266
2022/4/24,39478.375
2022/4/25,39472.60547
2022/4/26,40448.42188
2022/4/27,38120.30078
2022/4/28,39241.42969
2022/4/29,39768.61719
2022/4/30,38605.85938
2022/5/1,37713.26563
2022/5/2,38472.1875
2022/5/3,38528.10938
2022/5/4,37748.01172
2022/5/5,39695.74609
2022/5/6,36573.18359
2022/5/7,36042.50391
2022/5/8,35502.94141
2022/5/9,34060.01563
2022/5/10,30273.6543
2022/5/11,31016.18359
2022/5/12,28936.73438
2022/5/13,29030.91016
2022/5/14,29285.64258
2022/5/15,30098.58594
2022/5/16,31304.375
2022/5/17,29862.4082
2022/5/18,30424.47852
2022/5/19,28720.35938
2022/5/20,30311.11914
2022/5/21,29199.85938
2022/5/22,29432.47266
2022/5/23,30309.39648
2022/5/24,29101.125
2022/5/25,29653.13477
2022/5/26,29564.77734
2022/5/27,29251.14063
2022/5/28,28622.625
2022/5/29,29019.86719
2022/5/30,29443.36523
2022/5/31,31723.86523
2022/6/1,31792.55469
2022/6/2,29794.89063
2022/6/3,30467.80664
2022/6/4,29706.13867
2022/6/5,29835.11719
2022/6/6,29910.2832
2022/6/7,31371.74219
2022/6/8,31151.48047
2022/6/9,30215.2793
2022/6/10,30110.33008
2022/6/11,29084.66602
2022/6/12,28373.51367
2022/6/13,26737.57813
2022/6/14,22487.98633
2022/6/15,22196.73047
2022/6/16,22576.30469
2022/6/17,20385.71875
2022/6/18,20473.42578
2022/6/19,19010.90234
2022/6/20,20553.37109
2022/6/21,20594.29492
2022/6/22,20719.41406
2022/6/23,19986.60742
2022/6/24,21084.64844
2022/6/25,21233.60938
2022/6/26,21496.49414
2022/6/27,21028.23828
2022/6/28,20731.54492
2022/6/29,20281.16992
2022/6/30,20108.3125
2022/7/1,19820.4707
2022/7/2,19274.83594
2022/7/3,19242.0957
2022/7/4,19297.31445
2022/7/5,20225.35352
2022/7/6,20194.61914
2022/7/7,20547.81445
2022/7/8,21637.1543
2022/7/9,21716.82813
2022/7/10,21591.08008
2022/7/11,20856.35352
2022/7/12,19970.47461
2022/7/13,19325.97266
2022/7/14,20211.4668
2022/7/15,20573.15625
2022/7/16,20834.10352
2022/7/17,21195.04102
2022/7/18,20781.91211
2022/7/19,22467.84961
2022/7/20,23393.19141
2022/7/21,23233.20117
2022/7/22,23163.75195
2022/7/23,22706.98438
2022/7/24,22465.50977
2022/7/25,22607.15625
2022/7/26,21361.12109
2022/7/27,21244.16992
2022/7/28,22933.64063
2022/7/29,23845.21289
2022/7/30,23796.81836
2022/7/31,23652.07031
2022/8/1,23336.71875
2022/8/2,23308.43359
2022/8/3,22981.30273
2022/8/4,22848.21484
2022/8/5,22626.83398
2022/8/6,23291.42383
2022/8/7,22963.50586
2022/8/8,23179.52734
2022/8/9,23811.48438
2022/8/10,23162.89844
2022/8/11,23948.3457
2022/8/12,23957.20313
2022/8/13,24402.1875
2022/8/14,24429.05664
2022/8/15,24318.31641
2022/8/16,24126.13672
2022/8/17,23881.31641
2022/8/18,23341.03906
2022/8/19,23213.3125
2022/8/20,20872.8418
2022/8/21,21160.39258
2022/8/22,21531.46289
2022/8/23,21401.04492
2022/8/24,21526.45508
2022/8/25,21395.45898
2022/8/26,21596.08594
2022/8/27,20262.48047
2022/8/28,20041.03516
2022/8/29,19615.1543
2022/8/30,20298.61133
2022/8/31,19799.58203
2022/9/1,20050.49805
2022/9/2,20126.07227
2022/9/3,19969.71875
2022/9/4,19832.4707
2022/9/5,19988.78906
2022/9/6,19817.72461
2022/9/7,18837.68359
2022/9/8,19289.94141
2022/9/9,19328.14063
2022/9/10,21376.91211
2022/9/11,21678.54297
2022/9/12,21770.14844
2022/9/13,22371.48047
2022/9/14,20184.55469
2022/9/15,20242.28906
2022/9/16,19704.00586
2022/9/17,19777.0332
2022/9/18,20127.23438
2022/9/19,19418.57227
2022/9/20,19545.5918
2022/9/21,18891.2832
2022/9/22,18534.65039
2022/9/23,19412.40039
2022/9/24,19296.99023
2022/9/25,18936.31055
2022/9/26,18803.90039
2022/9/27,19221.83984
2022/9/28,19104.62109
2022/9/29,19427.7793
2022/9/30,19573.43164
2022/10/1,19431.10547
2022/10/2,19311.84961
2022/10/3,19044.06836
2022/10/4,19623.58398
2022/10/5,20335.90039
2022/10/6,20161.03906
2022/10/7,19957.55859
2022/10/8,19546.32813
2022/10/9,19417.47852
2022/10/10,19446.41602
2022/10/11,19139
2022/10/12,19052.64648
2022/10/13,19156.9668
2022/10/14,19382.5332
2022/10/15,19185.4375
2022/10/16,19068.91406
2022/10/17,19268.5625
2022/10/18,19550.4668
2022/10/19,19335.02734
2022/10/20,19138.08594
2022/10/21,19053.20313
2022/10/22,19172.38086
2022/10/23,19207.73438
2022/10/24,19567.76953
2022/10/25,19344.96484
2022/10/26,20092.23633
2022/10/27,20772.80273
2022/10/28,20287.95703
2022/10/29,20595.10352
2022/10/30,20817.98242
2022/10/31,20633.69531
2022/11/1,20494.89844
2022/11/2,20482.95898
2022/11/3,20162.68945
2022/11/4,20208.76953
2022/11/5,21144.83203
2022/11/6,21285.05664
2022/11/7,20924.62109
2022/11/8,20600.67188
2022/11/9,18543.76172
2022/11/10,15883.1582
2022/11/11,17583.25195
2022/11/12,17036.875
2022/11/13,16799.72266
2022/11/14,16352.02832
2022/11/15,16617.48438
2022/11/16,16884.3418
2022/11/17,16670.42578
2022/11/18,16687.91211
2022/11/19,16696.2207
2022/11/20,16712.91992
2022/11/21,16291.22363
2022/11/22,15782.30078
2022/11/23,16195.58887
2022/11/24,16611.63672
2022/11/25,16602.26953
2022/11/26,16521.57617
2022/11/27,16463.88281
2022/11/28,16440.22266
2022/11/29,16217.63965
2022/11/30,16445.47656
2022/12/1,17168.00195
2022/12/2,16968.68359
2022/12/3,17090.09766
2022/12/4,16908.16992
2022/12/5,17128.89453
2022/12/6,16975.23828
2022/12/7,17089.50586
2022/12/8,16847.34961
2022/12/9,17232.14844
2022/12/10,17134.2207
2022/12/11,17129.71094
2022/12/12,17102.5
2022/12/13,17206.44141
2022/12/14,17782.06641
2022/12/15,17813.64453
2022/12/16,17364.54688
2022/12/17,16646.98242
2022/12/18,16795.60938
2022/12/19,16759.04102
2022/12/20,16441.78711
2022/12/21,16904.52734
2022/12/22,16818.38086
2022/12/23,16829.64453
2022/12/24,16796.97656
2022/12/25,16847.50586
2022/12/26,16842.25
2022/12/27,16919.29102
2022/12/28,16716.40039
2022/12/29,16552.32227
2022/12/30,16641.33008
2022/12/31,16603.67383
2023/1/1,16547.91406
2023/1/2,16625.50977
2023/1/3,16688.84766
2023/1/4,16680.20508
2023/1/5,16863.47266
2023/1/6,16836.47266
2023/1/7,16952.11719
2023/1/8,16954.14648
2023/1/9,17093.99219
2023/1/10,17192.94922
2023/1/11,17446.35938
2023/1/12,18117.59375
2023/1/13,18868.90625
2023/1/14,19910.53711
2023/1/15,20977.48438
2023/1/16,20882.22461
2023/1/17,21175.83398
2023/1/18,21161.05078
2023/1/19,20686.74609
2023/1/20,21085.37305
2023/1/21,22677.42773
2023/1/22,22777.98633
2023/1/23,22721.08789
2023/1/24,22929.62695
2023/1/25,22639.26758
2023/1/26,23108.95508
2023/1/27,23030.7168
2023/1/28,23079.96484
2023/1/29,23031.44922
2023/1/30,23774.64844
2023/1/31,22840.79688
2023/2/1,23137.83594
2023/2/2,23720.82422
2023/2/3,23469.41211
2023/2/4,23446.32031
2023/2/5,23332.24805
2023/2/6,22954.02148
2023/2/7,22757.26758
2023/2/8,23263.41602
2023/2/9,22946.56641
2023/2/10,21819.00586
2023/2/11,21651.8418
2023/2/12,21870.90234
2023/2/13,21787
2023/2/14,21801.82227
2023/2/15,22220.58594
2023/2/16,24307.34961
2023/2/17,23621.2832
2023/2/18,24565.29688
2023/2/19,24640.02734
2023/2/20,24336.62305
2023/2/21,24833.04883
2023/2/22,24437.41797
2023/2/23,24190.71875
2023/2/24,23946.00781
2023/2/25,23200.125
2023/2/26,23174.15039
2023/2/27,23561.45117
2023/2/28,23521.83789
2023/3/1,23150.92969
2023/3/2,23647.01953
2023/3/3,23476.63281
2023/3/4,22362.92383
2023/3/5,22354.14453
2023/3/6,22436.81641
2023/3/7,22428.32227
2023/3/8,22216.44141
2023/3/9,21720.08008
2023/3/10,20367.00195
2023/3/11,20187.87695
2023/3/12,20628.0293
2023/3/13,22156.40625
2023/3/14,24201.76563
2023/3/15,24770.92578
2023/3/16,24373.45703
2023/3/17,25055.12305
2023/3/18,27448.11719
2023/3/19,26969.50391
2023/3/20,28041.60156
2023/3/21,27768.39258
2023/3/22,28158.7207
2023/3/23,27301.95703
2023/3/24,28324.11133
2023/3/25,27487.33789
2023/3/26,27495.52344
2023/3/27,27994.06836
2023/3/28,27132.88867
2023/3/29,27267.03125
2023/3/30,28350.14063
2023/3/31,28032.26172
2023/4/1,28473.33203
2023/4/2,28462.8457
2023/4/3,28183.08008
2023/4/4,27795.27344
2023/4/5,28169.72656
2023/4/6,28175.22656
2023/4/7,28038.9668
2023/4/8,27920.51367
2023/4/9,27952.36719
2023/4/10,28336.02734
2023/4/11,29653.67969
2023/4/12,30231.58203
2023/4/13,29892.74023
2023/4/14,30409.5625
2023/4/15,30490.75
2023/4/16,30315.97656
2023/4/17,30317.14648
2023/4/18,29449.0918
2023/4/19,30394.1875
2023/4/20,28823.68359
2023/4/21,28249.23047
2023/4/22,27265.89453
2023/4/23,27816.14453
2023/4/24,27591.73047
2023/4/25,27514.87305
2023/4/26,28300.05859
2023/4/27,28428.46484
2023/4/28,29481.01367
2023/4/29,29336.56641
2023/4/30,29245.51563
2023/5/1,29227.10352
2023/5/2,28087.17578
2023/5/3,28680.49414
2023/5/4,29031.30469
2023/5/5,28851.48047
2023/5/6,29538.85938
2023/5/7,28901.62305
2023/5/8,28450.45703
2023/5/9,27695.06836
2023/5/10,27654.63672
2023/5/11,27621.08594
2023/5/12,26987.66211
2023/5/13,26807.76953
2023/5/14,26788.97461
2023/5/15,26931.38477
2023/5/16,27171.51367
2023/5/17,27035.4707
2023/5/18,27401.65039
2023/5/19,26826.75391
2023/5/20,26888.8418
2023/5/21,27118.42383
2023/5/22,26749.89258
2023/5/23,26855.96094
2023/5/24,27224.60352
2023/5/25,26329.46094
2023/5/26,26474.18164
2023/5/27,26720.18164
2023/5/28,26871.1582
2023/5/29,28075.5918
2023/5/30,27745.12305
2023/5/31,27700.5293
2023/6/1,27218.41211
2023/6/2,26824.55664
2023/6/3,27252.32422
2023/6/4,27075.12305
2023/6/5,27123.10938
2023/6/6,25732.10938
2023/6/7,27235.65039
2023/6/8,26347.6543
2023/6/9,26505.92383
2023/6/10,26481.76172
2023/6/11,25854.03125
2023/6/12,25934.28516
2023/6/13,25902.94141
2023/6/14,25920.25781
2023/6/15,25121.67383
2023/6/16,25575.2832
2023/6/17,26328.67969
2023/6/18,26510.45703
2023/6/19,26335.44141
2023/6/20,26841.66406
2023/6/21,28311.31055
2023/6/22,29995.93555
2023/6/23,29896.38281
2023/6/24,30708.73828
2023/6/25,30545.15039
2023/6/26,30480.52344
2023/6/27,30274.32031
2023/6/28,30696.56055
2023/6/29,30086.1875
2023/6/30,30441.35352
2023/7/1,30471.84766
2023/7/2,30587.26953
2023/7/3,30624.51563
2023/7/4,31156.86523
2023/7/5,30778.72461
2023/7/6,30507.15039
2023/7/7,29907.99805
2023/7/8,30346.92188
2023/7/9,30291.61133
2023/7/10,30172.42383
2023/7/11,30417.63281
2023/7/12,30622.24609
2023/7/13,30387.48828
2023/7/14,31474.7207
2023/7/15,30331.7832
2023/7/16,30297.47266
2023/7/17,30249.62695
2023/7/18,30147.07031
2023/7/19,29862.04688
2023/7/20,29915.25
2023/7/21,29805.11133
2023/7/22,29908.69727
2023/7/23,29790.11133
2023/7/24,30081.66211
2023/7/25,29178.9707
2023/7/26,29225.75977
2023/7/27,29353.79883
2023/7/28,29212.16406
2023/7/29,29319.44531
2023/7/30,29357.09375
2023/7/31,29278.31445
2023/8/1,29230.87305
2023/8/2,29704.14648
2023/8/3,29161.8125
2023/8/4,29174.38281
2023/8/5,29075.38867
2023/8/6,29043.70117
2023/8/7,29038.51367
2023/8/8,29180.01953
2023/8/9,29766.69531
2023/8/10,29563.97266
2023/8/11,29424.90234
2023/8/12,29399.78711
2023/8/13,29416.59375
2023/8/14,29283.26367
2023/8/15,29408.04883
2023/8/16,29169.07422
2023/8/17,28699.80273
2023/8/18,26636.07813
2023/8/19,26047.83203
2023/8/20,26096.86133
2023/8/21,26188.69141
2023/8/22,26130.74805
2023/8/23,26040.47461
2023/8/24,26431.51953
2023/8/25,26163.67969
2023/8/26,26047.23438
2023/8/27,26008.24219
2023/8/28,26089.61523
2023/8/29,26102.48633
2023/8/30,27726.08398
2023/8/31,27301.92969
2023/9/1,25934.02148
2023/9/2,25800.91016
2023/9/3,25869.47266
2023/9/4,25968.16992
2023/9/5,25814.95703
2023/9/6,25783.93164
2023/9/7,25748.3125
2023/9/8,26245.20898
2023/9/9,25905.42578
2023/9/10,25895.21094
2023/9/11,25831.71484
2023/9/12,25160.6582
2023/9/13,25837.55469
2023/9/14,26228.27734
2023/9/15,26533.81836
2023/9/16,26606.19922
2023/9/17,26567.92773
2023/9/18,26532.99414
2023/9/19,26760.85156
2023/9/20,27210.22852
2023/9/21,27129.83984
2023/9/22,26564.05664
2023/9/23,26578.55664
2023/9/24,26579.37305
2023/9/25,26253.77539
2023/9/26,26294.75781
2023/9/27,26209.49805
2023/9/28,26355.8125
2023/9/29,27024.8418
2023/9/30,26911.68945
2023/10/1,26967.39648
2023/10/2,27976.79883
2023/10/3,27508.25195
2023/10/4,27429.07422
2023/10/5,27798.64648
2023/10/6,27412.12305
2023/10/7,27946.78125
2023/10/8,27971.67773
2023/10/9,27934.47266
2023/10/10,27589.20117
2023/10/11,27392.07617
2023/10/12,26873.29297
2023/10/13,26752.87891
2023/10/14,26866.20313
2023/10/15,26858.01172
2023/10/16,27162.62891
2023/10/17,28522.09766
2023/10/18,28413.53125
2023/10/19,28332.41602
2023/10/20,28732.8125
2023/10/21,29683.38086
2023/10/22,29918.6543
2023/10/23,30140.68555
2023/10/24,33077.30469
2023/10/25,33916.04297
2023/10/26,34504.28906
2023/10/27,34156.5
2023/10/28,33907.72266
2023/10/29,34089.37109
2023/10/30,34531.74219
2023/10/31,34500.07813
2023/11/1,34657.27344
2023/11/2,35441.57813
2023/11/3,34942.47266
2023/11/4,34736.32422
2023/11/5,35090.01172
2023/11/6,35044.78906
2023/11/7,35047.79297
2023/11/8,35419.47656
2023/11/9,35633.63281
2023/11/10,36702.25
2023/11/11,37310.07031
2023/11/12,37133.99219
2023/11/13,37070.30469
2023/11/14,36491.78906
2023/11/15,35548.11328
2023/11/16,37879.98047
2023/11/17,36164.82422
2023/11/18,36625.37109
2023/11/19,36585.76563
2023/11/20,37374.07422
2023/11/21,37469.16016
2023/11/22,35756.55469
2023/11/23,37420.43359
2023/11/24,37296.31641
2023/11/25,37721.41406
2023/11/26,37796.82813
2023/11/27,37454.19141
2023/11/28,37247.99219
2023/11/29,37826.10547
2023/11/30,37861.11719
2023/12/1,37718.00781
2023/12/2,38689.27734
2023/12/3,39472.20703
2023/12/4,39978.62891
2023/12/5,41986.26563
2023/12/6,44080.02344
2023/12/7,43769.13281
2023/12/8,43293.13672
2023/12/9,44180.01953
2023/12/10,43728.38281
2023/12/11,43792.01953
2023/12/12,41238.73438
2023/12/13,41468.46484
2023/12/14,42884.26172
2023/12/15,43028.25
2023/12/16,41937.74219
2023/12/17,42236.10938
2023/12/18,41348.20313
2023/12/19,42641.51172
2023/12/20,42261.30078
2023/12/21,43648.125
2023/12/22,43868.98828
2023/12/23,44012.19922
2023/12/24,43728.36719
2023/12/25,43010.57422
2023/12/26,43599.84766
2023/12/27,42518.46875
2023/12/28,43468.19922
2023/12/29,42614.64453
2023/12/30,42091.75391
2023/12/31,42152.09766
2024/1/1,42280.23438
2024/1/2,44187.14063
2024/1/3,44961.60156
2024/1/4,42855.81641
2024/1/5,44192.98047
2024/1/6,44178.95313
2024/1/7,43998.46484
2024/1/8,43948.70703
2024/1/9,46987.64063
2024/1/10,46121.53906
2024/1/11,46656.07422
2024/1/12,46354.79297
2024/1/13,42799.44531
2024/1/14,42842.26172
2024/1/15,41715.06641
2024/1/16,42499.33594
2024/1/17,43132.10156
2024/1/18,42742.3125
2024/1/19,41278.46094
2024/1/20,41624.58984
2024/1/21,41671.48828
2024/1/22,41553.65234
2024/1/23,39518.71484
2024/1/24,39877.59375
2024/1/25,40075.55078
2024/1/26,39936.81641
2024/1/27,41815.625
2024/1/28,42126.125
2024/1/29,42030.91406
2024/1/30,43300.22656
2024/1/31,42946.25
2024/2/1,42569.76172
2024/2/2,43077.64063
2024/2/3,43184.96484
2024/2/4,42994.94141
2024/2/5,42577.62109
2024/2/6,42657.39063
2024/2/7,43090.01953
2024/2/8,44332.125
2024/2/9,45297.38281
2024/2/10,47153.52734
2024/2/11,47768.96875
2024/2/12,48296.38672
2024/2/13,49941.35938
2024/2/14,49733.44531
2024/2/15,51836.78516
2024/2/16,51937.72656
2024/2/17,52161.67578
2024/2/18,51661.96875
2024/2/19,52134.8125
2024/2/20,51777.72656
2024/2/21,52273.53516
2024/2/22,51854.64453
2024/2/23,51283.90625
2024/2/24,50736.37109
2024/2/25,51565.21484
2024/2/26,51730.53906
2024/2/27,54519.36328
2024/2/28,57071.09766
2024/2/29,62499.18359
2024/3/1,61168.0625
2024/3/2,62431.65234
2024/3/3,62031.57813
2024/3/4,63137.00391
2024/3/5,68341.05469
2024/3/6,63776.05078
2024/3/7,66099.74219
2024/3/8,66938.09375
2024/3/9,68299.25781
2024/3/10,68500.25781
2024/3/11,69020.54688
2024/3/12,72125.125
2024/3/13,71482.11719
2024/3/14,73079.375
2024/3/15,71387.875
2024/3/16,69392.48438
2024/3/17,65316.34375
2024/3/18,68371.30469
2024/3/19,67556.13281
2024/3/20,61930.15625
2024/3/21,67911.58594
2024/3/22,65489.92969
2024/3/23,63802.72266
2024/3/24,64070.75391
2024/3/25,67234.09375
2024/3/26,69931.32813
2024/3/27,69991.89844
2024/3/28,69452.77344
2024/3/29,70744.79688
2024/3/30,69893.44531
2024/3/31,69647.78125
2024/4/1,71333.48438
2024/4/2,69705.02344
2024/4/3,65446.67188
2024/4/4,65975.69531
2024/4/5,68515.75781
2024/4/6,67840.57031
2024/4/7,68897.10938
2024/4/8,69362.55469
2024/4/9,69362.55469
2024/4/10,69137.80469
