date,price
2014/9/17,1236.00 
2014/9/18,1220.50 
2014/9/19,1219.80 
2014/9/22,1213.50 
2014/9/23,1222.00 
2014/9/24,1217.30 
2014/9/25,1213.80 
2014/9/26,1213.80 
2014/9/29,1219.50 
2014/9/30,1216.50 
2014/10/1,1216.50 
2014/10/2,1211.80 
2014/10/3,1195.00 
2014/10/6,1195.80 
2014/10/7,1210.50 
2014/10/8,1217.00 
2014/10/9,1226.80 
2014/10/10,1219.00 
2014/10/13,1229.00 
2014/10/14,1234.80 
2014/10/15,1237.50 
2014/10/16,1237.80 
2014/10/17,1234.30 
2014/10/20,1244.50 
2014/10/21,1250.30 
2014/10/22,1243.80 
2014/10/23,1232.80 
2014/10/24,1232.80 
2014/10/27,1228.80 
2014/10/28,1229.30 
2014/10/29,1223.50 
2014/10/30,1202.00 
2014/10/31,1164.30 
2014/11/3,1167.80 
2014/11/4,1166.50 
2014/11/5,1142.00 
2014/11/6,1145.00 
2014/11/7,1154.50 
2014/11/10,1162.00 
2014/11/11,1156.50 
2014/11/12,1164.50 
2014/11/13,1161.80 
2014/11/14,1169.00 
2014/11/17,1182.50 
2014/11/18,1192.80 
2014/11/19,1196.00 
2014/11/20,1190.00 
2014/11/21,1203.80 
2014/11/24,1197.50 
2014/11/25,1199.00 
2014/11/26,1197.50 
2014/11/27,1194.80 
2014/11/28,1182.80 
2014/12/1,1194.00 
2014/12/2,1195.00 
2014/12/3,1204.80 
2014/12/4,1209.00 
2014/12/5,1194.00 
2014/12/8,1193.00 
2014/12/9,1227.00 
2014/12/10,1229.00 
2014/12/11,1216.30 
2014/12/12,1217.00 
2014/12/15,1209.30 
2014/12/16,1202.50 
2014/12/17,1195.80 
2014/12/18,1199.00 
2014/12/19,1195.50 
2014/12/22,1195.30 
2014/12/23,1175.80 
2014/12/24,1175.80 
2014/12/25,1175.80 
2014/12/26,1175.80 
2014/12/29,1185.50 
2014/12/30,1206.00 
2014/12/31,1206.00 
2015/1/1,1206.00 
2015/1/2,1172.00 
2015/1/5,1200.00 
2015/1/6,1210.30 
2015/1/7,1210.50 
2015/1/8,1215.50 
2015/1/9,1217.80 
2015/1/12,1226.50 
2015/1/13,1231.50 
2015/1/14,1235.00 
2015/1/15,1259.00 
2015/1/16,1277.50 
2015/1/19,1273.80 
2015/1/20,1288.80 
2015/1/21,1293.50 
2015/1/22,1295.80 
2015/1/23,1294.80 
2015/1/26,1281.30 
2015/1/27,1288.50 
2015/1/28,1288.00 
2015/1/29,1268.80 
2015/1/30,1260.30 
2015/2/2,1272.50 
2015/2/3,1264.30 
2015/2/4,1268.50 
2015/2/5,1259.30 
2015/2/6,1241.00 
2015/2/9,1238.50 
2015/2/10,1234.50 
2015/2/11,1223.80 
2015/2/12,1222.50 
2015/2/13,1232.50 
2015/2/16,1229.30 
2015/2/17,1209.50 
2015/2/18,1206.00 
2015/2/19,1209.50 
2015/2/20,1208.30 
2015/2/23,1204.50 
2015/2/24,1192.50 
2015/2/25,1204.80 
2015/2/26,1208.30 
2015/2/27,1214.00 
2015/3/2,1212.50 
2015/3/3,1212.80 
2015/3/4,1199.50 
2015/3/5,1202.00 
2015/3/6,1175.80 
2015/3/9,1168.50 
2015/3/10,1162.00 
2015/3/11,1150.00 
2015/3/12,1152.30 
2015/3/13,1152.00 
2015/3/16,1150.80 
2015/3/17,1150.80 
2015/3/18,1147.30 
2015/3/19,1166.00 
2015/3/20,1183.10 
2015/3/23,1186.30 
2015/3/24,1191.50 
2015/3/25,1195.60 
2015/3/26,1203.20 
2015/3/27,1195.80 
2015/3/30,1185.50 
2015/3/31,1187.00 
2015/4/1,1197.00 
2015/4/2,1198.50 
2015/4/3,1198.50 
2015/4/6,1198.50 
2015/4/7,1211.00 
2015/4/8,1207.30 
2015/4/9,1194.80 
2015/4/10,1207.40 
2015/4/13,1198.90 
2015/4/14,1194.80 
2015/4/15,1192.90 
2015/4/16,1204.40 
2015/4/17,1203.40 
2015/4/20,1196.50 
2015/4/21,1195.30 
2015/4/22,1189.30 
2015/4/23,1185.80 
2015/4/24,1183.00 
2015/4/27,1200.00 
2015/4/28,1209.00 
2015/4/29,1209.00 
2015/4/30,1180.30 
2015/5/1,1176.00 
2015/5/4,1176.00 
2015/5/5,1197.00 
2015/5/6,1194.30 
2015/5/7,1187.00 
2015/5/8,1186.00 
2015/5/11,1189.30 
2015/5/12,1191.50 
2015/5/13,1210.50 
2015/5/14,1225.00 
2015/5/15,1220.50 
2015/5/18,1223.50 
2015/5/19,1214.30 
2015/5/20,1210.50 
2015/5/21,1205.00 
2015/5/22,1204.10 
2015/5/25,1204.10 
2015/5/26,1185.40 
2015/5/27,1185.90 
2015/5/28,1185.00 
2015/5/29,1191.40 
2015/6/1,1199.90 
2015/6/2,1192.80 
2015/6/3,1190.00 
2015/6/4,1176.00 
2015/6/5,1164.60 
2015/6/8,1172.80 
2015/6/9,1177.40 
2015/6/10,1188.50 
2015/6/11,1178.50 
2015/6/12,1182.80 
2015/6/15,1181.40 
2015/6/16,1177.80 
2015/6/17,1178.00 
2015/6/18,1201.90 
2015/6/19,1203.40 
2015/6/22,1185.50 
2015/6/23,1178.00 
2015/6/24,1173.80 
2015/6/25,1172.70 
2015/6/26,1170.50 
2015/6/29,1176.00 
2015/6/30,1171.00 
2015/7/1,1168.00 
2015/7/2,1165.30 
2015/7/3,1168.00 
2015/7/6,1166.00 
2015/7/7,1156.30 
2015/7/8,1158.50 
2015/7/9,1164.30 
2015/7/10,1159.30 
2015/7/13,1154.00 
2015/7/14,1157.40 
2015/7/15,1147.40 
2015/7/16,1144.40 
2015/7/17,1132.80 
2015/7/20,1104.60 
2015/7/21,1105.60 
2015/7/22,1088.60 
2015/7/23,1097.40 
2015/7/24,1080.80 
2015/7/27,1100.00 
2015/7/28,1096.20 
2015/7/29,1090.30 
2015/7/30,1087.50 
2015/7/31,1098.40 
2015/8/3,1091.90 
2015/8/4,1090.70 
2015/8/5,1085.10 
2015/8/6,1089.80 
2015/8/7,1093.50 
2015/8/10,1097.00 
2015/8/11,1108.30 
2015/8/12,1119.00 
2015/8/13,1116.80 
2015/8/14,1118.30 
2015/8/17,1118.80 
2015/8/18,1111.50 
2015/8/19,1126.20 
2015/8/20,1147.70 
2015/8/21,1156.50 
2015/8/24,1166.50 
2015/8/25,1137.50 
2015/8/26,1120.80 
2015/8/27,1119.00 
2015/8/28,1135.00 
2015/8/31,1135.00 
2015/9/1,1142.30 
2015/9/2,1137.80 
2015/9/3,1128.00 
2015/9/4,1118.30 
2015/9/7,1119.50 
2015/9/8,1121.20 
2015/9/9,1109.90 
2015/9/10,1109.50 
2015/9/11,1100.30 
2015/9/14,1104.80 
2015/9/15,1106.00 
2015/9/16,1117.60 
2015/9/17,1117.50 
2015/9/18,1141.50 
2015/9/21,1133.30 
2015/9/22,1122.90 
2015/9/23,1131.40 
2015/9/24,1154.50 
2015/9/25,1146.70 
2015/9/28,1131.10 
2015/9/29,1132.10 
2015/9/30,1114.00 
2015/10/1,1119.00 
2015/10/2,1140.80 
2015/10/5,1139.80 
2015/10/6,1147.50 
2015/10/7,1144.60 
2015/10/8,1140.00 
2015/10/9,1151.60 
2015/10/12,1164.90 
2015/10/13,1165.20 
2015/10/14,1173.90 
2015/10/15,1184.30 
2015/10/16,1180.90 
2015/10/19,1175.40 
2015/10/20,1177.80 
2015/10/21,1167.10 
2015/10/22,1167.00 
2015/10/23,1161.30 
2015/10/26,1166.40 
2015/10/27,1165.70 
2015/10/28,1179.60 
2015/10/29,1148.60 
2015/10/30,1142.40 
2015/11/2,1134.00 
2015/11/3,1123.10 
2015/11/4,1114.70 
2015/11/5,1106.30 
2015/11/6,1088.90 
2015/11/9,1089.60 
2015/11/10,1087.10 
2015/11/11,1085.90 
2015/11/12,1087.40 
2015/11/13,1081.50 
2015/11/16,1084.80 
2015/11/17,1079.20 
2015/11/18,1067.80 
2015/11/19,1082.60 
2015/11/20,1081.80 
2015/11/23,1070.50 
2015/11/24,1076.40 
2015/11/25,1068.00 
2015/11/26,1071.00 
2015/11/27,1057.40 
2015/11/30,1061.90 
2015/12/1,1065.40 
2015/12/2,1055.40 
2015/12/3,1055.50 
2015/12/4,1079.30 
2015/12/7,1075.80 
2015/12/8,1072.10 
2015/12/9,1081.00 
2015/12/10,1071.00 
2015/12/11,1072.50 
2015/12/14,1068.30 
2015/12/15,1061.50 
2015/12/16,1075.30 
2015/12/17,1049.40 
2015/12/18,1062.50 
2015/12/21,1078.80 
2015/12/22,1074.90 
2015/12/23,1068.30 
2015/12/24,1068.30 
2015/12/25,1068.30 
2015/12/28,1068.30 
2015/12/29,1070.10 
2015/12/30,1060.00 
2015/12/31,1060.00 
2016/1/1,1060.00 
2016/1/4,1082.30 
2016/1/5,1077.00 
2016/1/6,1091.40 
2016/1/7,1106.40 
2016/1/8,1101.90 
2016/1/11,1100.80 
2016/1/12,1085.40 
2016/1/13,1088.20 
2016/1/14,1088.40 
2016/1/15,1093.80 
2016/1/18,1089.20 
2016/1/19,1086.30 
2016/1/20,1101.80 
2016/1/21,1096.50 
2016/1/22,1096.30 
2016/1/25,1106.60 
2016/1/26,1113.60 
2016/1/27,1116.30 
2016/1/28,1114.00 
2016/1/29,1111.80 
2016/2/1,1126.50 
2016/2/2,1128.50 
2016/2/3,1132.00 
2016/2/4,1156.40 
2016/2/5,1150.40 
2016/2/8,1193.30 
2016/2/9,1191.00 
2016/2/10,1190.00 
2016/2/11,1241.00 
2016/2/12,1239.80 
2016/2/15,1208.20 
2016/2/16,1209.50 
2016/2/17,1210.00 
2016/2/18,1210.10 
2016/2/19,1231.20 
2016/2/22,1211.00 
2016/2/23,1221.40 
2016/2/24,1250.80 
2016/2/25,1236.00 
2016/2/26,1226.50 
2016/2/29,1234.90 
2016/3/1,1236.50 
2016/3/2,1239.20 
2016/3/3,1250.30 
2016/3/4,1277.50 
2016/3/7,1267.90 
2016/3/8,1267.00 
2016/3/9,1246.40 
2016/3/10,1266.50 
2016/3/11,1264.80 
2016/3/14,1242.80 
2016/3/15,1232.00 
2016/3/16,1228.50 
2016/3/17,1266.50 
2016/3/18,1252.10 
2016/3/21,1244.90 
2016/3/22,1252.50 
2016/3/23,1217.60 
2016/3/24,1221.00 
2016/3/25,1221.00 
2016/3/28,1221.00 
2016/3/29,1226.00 
2016/3/30,1236.30 
2016/3/31,1237.00 
2016/4/1,1213.60 
2016/4/4,1219.80 
2016/4/5,1231.30 
2016/4/6,1221.40 
2016/4/7,1242.10 
2016/4/8,1239.50 
2016/4/11,1254.80 
2016/4/12,1254.60 
2016/4/13,1245.80 
2016/4/14,1233.90 
2016/4/15,1227.10 
2016/4/18,1234.30 
2016/4/19,1255.40 
2016/4/20,1252.00 
2016/4/21,1249.30 
2016/4/22,1243.30 
2016/4/25,1238.90 
2016/4/26,1241.70 
2016/4/27,1247.40 
2016/4/28,1256.00 
2016/4/29,1285.70 
2016/5/2,1285.70 
2016/5/3,1294.00 
2016/5/4,1283.00 
2016/5/5,1280.30 
2016/5/6,1289.00 
2016/5/9,1265.30 
2016/5/10,1262.80 
2016/5/11,1276.90 
2016/5/12,1279.30 
2016/5/13,1265.90 
2016/5/16,1285.80 
2016/5/17,1277.00 
2016/5/18,1272.90 
2016/5/19,1246.30 
2016/5/20,1254.20 
2016/5/23,1245.90 
2016/5/24,1236.90 
2016/5/25,1220.60 
2016/5/26,1223.90 
2016/5/27,1216.30 
2016/5/30,1216.30 
2016/5/31,1212.10 
2016/6/1,1214.50 
2016/6/2,1212.40 
2016/6/3,1240.50 
2016/6/6,1244.00 
2016/6/7,1241.00 
2016/6/8,1263.00 
2016/6/9,1263.90 
2016/6/10,1275.50 
2016/6/13,1280.80 
2016/6/14,1287.20 
2016/6/15,1283.30 
2016/6/16,1310.80 
2016/6/17,1290.70 
2016/6/20,1281.80 
2016/6/21,1272.60 
2016/6/22,1264.90 
2016/6/23,1262.20 
2016/6/24,1315.50 
2016/6/27,1324.60 
2016/6/28,1309.70 
2016/6/29,1321.50 
2016/6/30,1320.80 
2016/7/1,1340.00 
2016/7/4,1350.80 
2016/7/5,1350.80 
2016/7/6,1366.30 
2016/7/7,1356.70 
2016/7/8,1354.30 
2016/7/11,1357.10 
2016/7/12,1342.40 
2016/7/13,1342.80 
2016/7/14,1323.60 
2016/7/15,1327.00 
2016/7/18,1334.70 
2016/7/19,1330.90 
2016/7/20,1315.90 
2016/7/21,1321.20 
2016/7/22,1320.80 
2016/7/25,1313.20 
2016/7/26,1323.00 
2016/7/27,1329.00 
2016/7/28,1341.80 
2016/7/29,1342.00 
2016/8/1,1349.70 
2016/8/2,1363.80 
2016/8/3,1358.90 
2016/8/4,1362.80 
2016/8/5,1340.40 
2016/8/8,1336.80 
2016/8/9,1341.00 
2016/8/10,1347.70 
2016/8/11,1355.00 
2016/8/12,1352.20 
2016/8/15,1339.40 
2016/8/16,1344.00 
2016/8/17,1343.40 
2016/8/18,1350.10 
2016/8/19,1346.40 
2016/8/22,1335.90 
2016/8/23,1342.00 
2016/8/24,1327.30 
2016/8/25,1321.30 
2016/8/26,1318.80 
2016/8/29,1318.80 
2016/8/30,1318.20 
2016/8/31,1309.30 
2016/9/1,1309.50 
2016/9/2,1324.70 
2016/9/5,1326.40 
2016/9/6,1337.30 
2016/9/7,1348.40 
2016/9/8,1343.40 
2016/9/9,1330.90 
2016/9/12,1324.60 
2016/9/13,1323.70 
2016/9/14,1321.80 
2016/9/15,1310.80 
2016/9/16,1308.40 
2016/9/19,1314.90 
2016/9/20,1313.80 
2016/9/21,1326.10 
2016/9/22,1339.10 
2016/9/23,1338.70 
2016/9/26,1340.50 
2016/9/27,1327.00 
2016/9/28,1322.50 
2016/9/29,1318.10 
2016/9/30,1322.50 
2016/10/3,1313.30 
2016/10/4,1283.30 
2016/10/5,1269.40 
2016/10/6,1254.50 
2016/10/7,1258.80 
2016/10/10,1259.50 
2016/10/11,1253.50 
2016/10/12,1256.50 
2016/10/13,1261.10 
2016/10/14,1251.80 
2016/10/17,1254.80 
2016/10/18,1258.20 
2016/10/19,1269.10 
2016/10/20,1271.70 
2016/10/21,1266.10 
2016/10/24,1265.60 
2016/10/25,1269.40 
2016/10/26,1270.50 
2016/10/27,1266.30 
2016/10/28,1273.00 
2016/10/31,1272.00 
2016/11/1,1288.50 
2016/11/2,1303.80 
2016/11/3,1301.00 
2016/11/4,1302.80 
2016/11/7,1283.10 
2016/11/8,1282.40 
2016/11/9,1281.40 
2016/11/10,1267.50 
2016/11/11,1236.50 
2016/11/14,1213.60 
2016/11/15,1227.00 
2016/11/16,1229.20 
2016/11/17,1226.80 
2016/11/18,1211.00 
2016/11/21,1214.30 
2016/11/22,1212.30 
2016/11/23,1185.40 
2016/11/24,1186.10 
2016/11/25,1187.70 
2016/11/28,1187.00 
2016/11/29,1186.60 
2016/11/30,1178.10 
2016/12/1,1161.90 
2016/12/2,1173.50 
2016/12/5,1162.20 
2016/12/6,1172.50 
2016/12/7,1177.70 
2016/12/8,1171.10 
2016/12/9,1163.60 
2016/12/12,1156.10 
2016/12/13,1158.60 
2016/12/14,1162.30 
2016/12/15,1127.00 
2016/12/16,1131.60 
2016/12/19,1136.30 
2016/12/20,1125.70 
2016/12/21,1133.70 
2016/12/22,1131.40 
2016/12/23,1131.40 
2016/12/26,1131.40 
2016/12/27,1131.40 
2016/12/28,1134.60 
2016/12/29,1145.90 
2016/12/30,1145.90 
2017/1/2,1145.90 
2017/1/3,1151.00 
2017/1/4,1164.30 
2017/1/5,1176.70 
2017/1/6,1175.90 
2017/1/9,1178.50 
2017/1/10,1189.50 
2017/1/11,1178.60 
2017/1/12,1205.10 
2017/1/13,1190.40 
2017/1/16,1203.00 
2017/1/17,1216.10 
2017/1/18,1214.80 
2017/1/19,1196.10 
2017/1/20,1200.60 
2017/1/23,1212.90 
2017/1/24,1216.80 
2017/1/25,1195.00 
2017/1/26,1189.70 
2017/1/27,1184.90 
2017/1/30,1192.80 
2017/1/31,1212.80 
2017/2/1,1203.70 
2017/2/2,1222.00 
2017/2/3,1215.20 
2017/2/6,1226.80 
2017/2/7,1231.00 
2017/2/8,1242.10 
2017/2/9,1236.80 
2017/2/10,1228.30 
2017/2/13,1222.30 
2017/2/14,1230.80 
2017/2/15,1224.40 
2017/2/16,1240.60 
2017/2/17,1242.00 
2017/2/20,1237.30 
2017/2/21,1233.20 
2017/2/22,1236.70 
2017/2/23,1247.90 
2017/2/24,1253.70 
2017/2/27,1257.20 
2017/2/28,1255.60 
2017/3/1,1240.40 
2017/3/2,1238.10 
2017/3/3,1226.50 
2017/3/6,1231.00 
2017/3/7,1216.70 
2017/3/8,1209.20 
2017/3/9,1206.60 
2017/3/10,1202.70 
2017/3/13,1204.20 
2017/3/14,1204.60 
2017/3/15,1198.80 
2017/3/16,1229.40 
2017/3/17,1229.60 
2017/3/20,1232.40 
2017/3/21,1241.60 
2017/3/22,1249.10 
2017/3/23,1247.50 
2017/3/24,1247.50 
2017/3/27,1257.60 
2017/3/28,1257.30 
2017/3/29,1251.10 
2017/3/30,1248.80 
2017/3/31,1244.90 
2017/4/3,1247.30 
2017/4/4,1257.70 
2017/4/5,1245.80 
2017/4/6,1252.50 
2017/4/7,1266.50 
2017/4/10,1250.10 
2017/4/11,1252.90 
2017/4/12,1274.30 
2017/4/13,1284.20 
2017/4/14,1284.20 
2017/4/17,1284.20 
2017/4/18,1279.00 
2017/4/19,1279.10 
2017/4/20,1282.10 
2017/4/21,1281.90 
2017/4/24,1269.40 
2017/4/25,1267.80 
2017/4/26,1261.90 
2017/4/27,1262.80 
2017/4/28,1266.50 
2017/5/1,1266.50 
2017/5/2,1255.50 
2017/5/3,1250.30 
2017/5/4,1228.50 
2017/5/5,1228.10 
2017/5/8,1229.80 
2017/5/9,1220.40 
2017/5/10,1223.00 
2017/5/11,1223.20 
2017/5/12,1231.30 
2017/5/15,1233.30 
2017/5/16,1234.20 
2017/5/17,1257.40 
2017/5/18,1255.90 
2017/5/19,1252.00 
2017/5/22,1258.90 
2017/5/23,1260.20 
2017/5/24,1252.60 
2017/5/25,1257.00 
2017/5/26,1265.10 
2017/5/29,1265.10 
2017/5/30,1262.70 
2017/5/31,1266.20 
2017/6/1,1264.90 
2017/6/2,1275.00 
2017/6/5,1280.00 
2017/6/6,1293.50 
2017/6/7,1291.00 
2017/6/8,1273.10 
2017/6/9,1266.60 
2017/6/12,1266.40 
2017/6/13,1262.00 
2017/6/14,1275.50 
2017/6/15,1254.60 
2017/6/16,1255.40 
2017/6/19,1248.20 
2017/6/20,1242.20 
2017/6/21,1242.50 
2017/6/22,1250.80 
2017/6/23,1255.70 
2017/6/26,1245.30 
2017/6/27,1249.60 
2017/6/28,1248.00 
2017/6/29,1243.50 
2017/6/30,1242.30 
2017/7/3,1229.30 
2017/7/4,1223.80 
2017/7/5,1220.30 
2017/7/6,1224.90 
2017/7/7,1215.70 
2017/7/10,1211.90 
2017/7/11,1211.10 
2017/7/12,1218.80 
2017/7/13,1218.90 
2017/7/14,1230.30 
2017/7/17,1234.10 
2017/7/18,1240.80 
2017/7/19,1242.20 
2017/7/20,1238.70 
2017/7/21,1248.60 
2017/7/24,1255.60 
2017/7/25,1254.40 
2017/7/26,1248.10 
2017/7/27,1261.10 
2017/7/28,1264.90 
2017/7/31,1267.60 
2017/8/1,1271.00 
2017/8/2,1269.60 
2017/8/3,1268.10 
2017/8/4,1257.70 
2017/8/7,1258.00 
2017/8/8,1261.80 
2017/8/9,1271.10 
2017/8/10,1284.40 
2017/8/11,1286.10 
2017/8/14,1282.30 
2017/8/15,1270.30 
2017/8/16,1272.80 
2017/8/17,1285.20 
2017/8/18,1295.80 
2017/8/21,1292.90 
2017/8/22,1284.20 
2017/8/23,1286.70 
2017/8/24,1289.00 
2017/8/25,1285.30 
2017/8/28,1285.30 
2017/8/29,1318.70 
2017/8/30,1308.50 
2017/8/31,1311.80 
2017/9/1,1320.40 
2017/9/4,1333.10 
2017/9/5,1335.60 
2017/9/6,1337.90 
2017/9/7,1343.50 
2017/9/8,1346.30 
2017/9/11,1334.20 
2017/9/12,1326.50 
2017/9/13,1327.60 
2017/9/14,1324.60 
2017/9/15,1322.90 
2017/9/18,1312.10 
2017/9/19,1309.60 
2017/9/20,1311.30 
2017/9/21,1292.10 
2017/9/22,1294.80 
2017/9/25,1293.30 
2017/9/26,1300.10 
2017/9/27,1282.60 
2017/9/28,1283.40 
2017/9/29,1283.10 
2017/10/2,1273.70 
2017/10/3,1271.30 
2017/10/4,1274.30 
2017/10/5,1274.50 
2017/10/6,1261.80 
2017/10/9,1278.80 
2017/10/10,1291.40 
2017/10/11,1289.30 
2017/10/12,1290.30 
2017/10/13,1299.60 
2017/10/16,1303.30 
2017/10/17,1284.80 
2017/10/18,1280.20 
2017/10/19,1286.40 
2017/10/20,1281.20 
2017/10/23,1274.90 
2017/10/24,1276.50 
2017/10/25,1275.00 
2017/10/26,1273.80 
2017/10/27,1266.50 
2017/10/30,1272.00 
2017/10/31,1270.20 
2017/11/1,1277.10 
2017/11/2,1279.20 
2017/11/3,1267.20 
2017/11/6,1270.90 
2017/11/7,1275.60 
2017/11/8,1284.00 
2017/11/9,1284.80 
2017/11/10,1284.30 
2017/11/13,1278.00 
2017/11/14,1274.60 
2017/11/15,1282.20 
2017/11/16,1280.00 
2017/11/17,1284.40 
2017/11/20,1286.20 
2017/11/21,1283.30 
2017/11/22,1287.00 
2017/11/23,1290.40 
2017/11/24,1290.50 
2017/11/27,1294.90 
2017/11/28,1291.90 
2017/11/29,1283.90 
2017/11/30,1280.20 
2017/12/1,1275.50 
2017/12/4,1273.50 
2017/12/5,1266.30 
2017/12/6,1263.70 
2017/12/7,1255.00 
2017/12/8,1250.70 
2017/12/11,1247.20 
2017/12/12,1240.90 
2017/12/13,1242.70 
2017/12/14,1251.00 
2017/12/15,1254.60 
2017/12/18,1260.60 
2017/12/19,1260.40 
2017/12/20,1264.60 
2017/12/21,1264.60 
2017/12/22,1264.60 
2017/12/25,1264.60 
2017/12/26,1264.60 
2017/12/27,1279.40 
2017/12/28,1291.00 
2017/12/29,1291.00 
2018/1/1,1291.00 
2018/1/2,1312.10 
2018/1/3,1314.90 
2018/1/4,1314.50 
2018/1/5,1317.20 
2018/1/8,1320.00 
2018/1/9,1311.00 
2018/1/10,1319.80 
2018/1/11,1323.10 
2018/1/12,1326.80 
2018/1/15,1339.30 
2018/1/16,1333.90 
2018/1/17,1335.70 
2018/1/18,1332.20 
2018/1/19,1335.00 
2018/1/22,1332.60 
2018/1/23,1333.40 
2018/1/24,1353.70 
2018/1/25,1355.00 
2018/1/26,1353.20 
2018/1/29,1343.90 
2018/1/30,1344.90 
2018/1/31,1345.10 
2018/2/1,1341.40 
2018/2/2,1331.20 
2018/2/5,1333.60 
2018/2/6,1331.40 
2018/2/7,1324.70 
2018/2/8,1315.50 
2018/2/9,1314.10 
2018/2/12,1322.30 
2018/2/13,1325.40 
2018/2/14,1336.30 
2018/2/15,1352.50 
2018/2/16,1352.10 
2018/2/19,1346.60 
2018/2/20,1339.90 
2018/2/21,1330.50 
2018/2/22,1328.40 
2018/2/23,1328.00 
2018/2/26,1333.50 
2018/2/27,1325.80 
2018/2/28,1317.90 
2018/3/1,1307.80 
2018/3/2,1322.30 
2018/3/5,1320.40 
2018/3/6,1331.40 
2018/3/7,1329.40 
2018/3/8,1321.00 
2018/3/9,1320.60 
2018/3/12,1319.20 
2018/3/13,1322.80 
2018/3/14,1323.60 
2018/3/15,1318.80 
2018/3/16,1310.10 
2018/3/19,1312.40 
2018/3/20,1311.00 
2018/3/21,1321.40 
2018/3/22,1329.20 
2018/3/23,1346.60 
2018/3/26,1352.40 
2018/3/27,1341.50 
2018/3/28,1332.50 
2018/3/29,1323.90 
2018/3/30,1323.90 
2018/4/2,1323.90 
2018/4/3,1333.50 
2018/4/4,1337.30 
2018/4/5,1327.70 
2018/4/6,1331.20 
2018/4/9,1332.00 
2018/4/10,1339.00 
2018/4/11,1350.80 
2018/4/12,1341.40 
2018/4/13,1343.70 
2018/4/16,1349.40 
2018/4/17,1342.10 
2018/4/18,1351.50 
2018/4/19,1348.60 
2018/4/20,1336.80 
2018/4/23,1324.30 
2018/4/24,1328.90 
2018/4/25,1321.70 
2018/4/26,1320.70 
2018/4/27,1321.50 
2018/4/30,1313.20 
2018/5/1,1307.10 
2018/5/2,1304.20 
2018/5/3,1315.10 
2018/5/4,1309.40 
2018/5/7,1309.40 
2018/5/8,1306.60 
2018/5/9,1313.90 
2018/5/10,1318.80 
2018/5/11,1324.40 
2018/5/14,1319.90 
2018/5/15,1295.00 
2018/5/16,1291.30 
2018/5/17,1289.50 
2018/5/18,1288.30 
2018/5/21,1288.40 
2018/5/22,1293.10 
2018/5/23,1289.00 
2018/5/24,1304.90 
2018/5/25,1303.50 
2018/5/28,1303.50 
2018/5/29,1295.50 
2018/5/30,1300.70 
2018/5/31,1305.40 
2018/6/1,1294.60 
2018/6/4,1295.50 
2018/6/5,1292.10 
2018/6/6,1300.10 
2018/6/7,1297.30 
2018/6/8,1298.30 
2018/6/11,1299.60 
2018/6/12,1298.70 
2018/6/13,1296.20 
2018/6/14,1302.80 
2018/6/15,1285.30 
2018/6/18,1281.60 
2018/6/19,1276.20 
2018/6/20,1274.20 
2018/6/21,1266.20 
2018/6/22,1269.20 
2018/6/25,1268.70 
2018/6/26,1260.30 
2018/6/27,1254.60 
2018/6/28,1251.60 
2018/6/29,1250.50 
2018/7/2,1247.80 
2018/7/3,1251.80 
2018/7/4,1255.70 
2018/7/5,1255.50 
2018/7/6,1255.40 
2018/7/9,1262.10 
2018/7/10,1254.00 
2018/7/11,1251.40 
2018/7/12,1245.90 
2018/7/13,1241.70 
2018/7/16,1241.10 
2018/7/17,1232.80 
2018/7/18,1224.50 
2018/7/19,1217.60 
2018/7/20,1228.80 
2018/7/23,1225.00 
2018/7/24,1228.40 
2018/7/25,1231.50 
2018/7/26,1228.30 
2018/7/27,1224.00 
2018/7/30,1223.80 
2018/7/31,1221.00 
2018/8/1,1219.00 
2018/8/2,1215.50 
2018/8/3,1216.30 
2018/8/6,1209.70 
2018/8/7,1212.40 
2018/8/8,1209.60 
2018/8/9,1214.40 
2018/8/10,1214.40 
2018/8/13,1200.40 
2018/8/14,1197.00 
2018/8/15,1182.00 
2018/8/16,1180.40 
2018/8/17,1178.40 
2018/8/20,1184.40 
2018/8/21,1191.00 
2018/8/22,1196.70 
2018/8/23,1192.40 
2018/8/24,1197.70 
2018/8/27,1197.70 
2018/8/28,1212.30 
2018/8/29,1204.20 
2018/8/30,1197.30 
2018/8/31,1202.50 
2018/9/3,1200.10 
2018/9/4,1190.90 
2018/9/5,1196.70 
2018/9/6,1205.20 
2018/9/7,1198.90 
2018/9/10,1196.60 
2018/9/11,1189.90 
2018/9/12,1195.60 
2018/9/13,1209.80 
2018/9/14,1202.00 
2018/9/17,1201.90 
2018/9/18,1200.20 
2018/9/19,1203.30 
2018/9/20,1208.40 
2018/9/21,1198.70 
2018/9/24,1202.80 
2018/9/25,1201.90 
2018/9/26,1194.30 
2018/9/27,1185.40 
2018/9/28,1187.30 
2018/10/1,1189.40 
2018/10/2,1204.70 
2018/10/3,1201.20 
2018/10/4,1203.50 
2018/10/5,1203.80 
2018/10/8,1187.00 
2018/10/9,1185.60 
2018/10/10,1188.60 
2018/10/11,1205.60 
2018/10/12,1219.80 
2018/10/15,1230.00 
2018/10/16,1230.70 
2018/10/17,1229.10 
2018/10/18,1223.00 
2018/10/19,1227.90 
2018/10/22,1222.30 
2018/10/23,1236.00 
2018/10/24,1230.60 
2018/10/25,1230.80 
2018/10/26,1233.90 
2018/10/29,1230.80 
2018/10/30,1225.40 
2018/10/31,1215.00 
2018/11/1,1231.20 
2018/11/2,1232.10 
2018/11/5,1232.30 
2018/11/6,1231.60 
2018/11/7,1230.00 
2018/11/8,1224.20 
2018/11/9,1211.40 
2018/11/12,1205.60 
2018/11/13,1202.10 
2018/11/14,1203.30 
2018/11/15,1211.90 
2018/11/16,1222.40 
2018/11/19,1221.60 
2018/11/20,1223.00 
2018/11/21,1226.10 
2018/11/22,1227.10 
2018/11/23,1223.70 
2018/11/26,1223.40 
2018/11/27,1221.20 
2018/11/28,1213.30 
2018/11/29,1226.30 
2018/11/30,1217.60 
2018/12/3,1230.30 
2018/12/4,1240.30 
2018/12/5,1235.90 
2018/12/6,1242.60 
2018/12/7,1243.30 
2018/12/10,1245.40 
2018/12/11,1245.30 
2018/12/12,1245.80 
2018/12/13,1242.80 
2018/12/14,1235.40 
2018/12/17,1241.70 
2018/12/18,1246.30 
2018/12/19,1255.00 
2018/12/20,1259.80 
2018/12/21,1258.20 
2018/12/24,1258.20 
2018/12/25,1258.20 
2018/12/26,1258.20 
2018/12/27,1268.00 
2018/12/28,1279.00 
2018/12/31,1279.00 
2019/1/1,1279.00 
2019/1/2,1282.90 
2019/1/3,1290.50 
2019/1/4,1279.90 
2019/1/7,1292.20 
2019/1/8,1286.50 
2019/1/9,1288.60 
2019/1/10,1291.90 
2019/1/11,1289.00 
2019/1/14,1292.80 
2019/1/15,1294.40 
2019/1/16,1292.30 
2019/1/17,1290.70 
2019/1/18,1284.20 
2019/1/21,1279.60 
2019/1/22,1282.10 
2019/1/23,1279.80 
2019/1/24,1283.70 
2019/1/25,1293.90 
2019/1/28,1302.20 
2019/1/29,1307.60 
2019/1/30,1310.70 
2019/1/31,1323.30 
2019/2/1,1318.70 
2019/2/4,1312.20 
2019/2/5,1314.20 
2019/2/6,1312.40 
2019/2/7,1310.00 
2019/2/8,1314.90 
2019/2/11,1306.40 
2019/2/12,1310.00 
2019/2/13,1312.80 
2019/2/14,1311.50 
2019/2/15,1316.60 
2019/2/18,1325.50 
2019/2/19,1334.20 
2019/2/20,1343.80 
2019/2/21,1331.30 
2019/2/22,1329.10 
2019/2/25,1331.10 
2019/2/26,1325.10 
2019/2/27,1322.90 
2019/2/28,1319.20 
2019/3/1,1312.00 
2019/3/4,1285.40 
2019/3/5,1283.80 
2019/3/6,1285.90 
2019/3/7,1285.30 
2019/3/8,1296.80 
2019/3/11,1292.80 
2019/3/12,1297.10 
2019/3/13,1307.00 
2019/3/14,1295.60 
2019/3/15,1303.50 
2019/3/18,1305.60 
2019/3/19,1307.70 
2019/3/20,1303.70 
2019/3/21,1309.60 
2019/3/22,1311.30 
2019/3/25,1319.60 
2019/3/26,1316.30 
2019/3/27,1309.70 
2019/3/28,1295.20 
2019/3/29,1295.40 
2019/4/1,1293.50 
2019/4/2,1290.30 
2019/4/3,1290.50 
2019/4/4,1283.20 
2019/4/5,1288.50 
2019/4/8,1300.00 
2019/4/9,1303.00 
2019/4/10,1305.50 
2019/4/11,1298.80 
2019/4/12,1294.30 
2019/4/15,1285.70 
2019/4/16,1276.40 
2019/4/17,1275.90 
2019/4/18,1275.70 
2019/4/19,1275.70 
2019/4/22,1275.70 
2019/4/23,1269.50 
2019/4/24,1271.70 
2019/4/25,1280.80 
2019/4/26,1284.20 
2019/4/29,1279.50 
2019/4/30,1282.30 
2019/5/1,1283.80 
2019/5/2,1271.00 
2019/5/3,1278.60 
2019/5/6,1278.60 
2019/5/7,1281.20 
2019/5/8,1285.20 
2019/5/9,1286.10 
2019/5/10,1287.10 
2019/5/13,1295.60 
2019/5/14,1298.40 
2019/5/15,1299.10 
2019/5/16,1291.70 
2019/5/17,1280.80 
2019/5/20,1276.90 
2019/5/21,1271.20 
2019/5/22,1273.80 
2019/5/23,1283.70 
2019/5/24,1282.50 
2019/5/27,1282.50 
2019/5/28,1278.30 
2019/5/29,1281.70 
2019/5/30,1281.00 
2019/5/31,1295.60 
2019/6/3,1317.10 
2019/6/4,1324.30 
2019/6/5,1335.10 
2019/6/6,1335.50 
2019/6/7,1340.70 
2019/6/10,1328.60 
2019/6/11,1324.30 
2019/6/12,1332.40 
2019/6/13,1335.90 
2019/6/14,1351.30 
2019/6/17,1341.30 
2019/6/18,1341.40 
2019/6/19,1344.10 
2019/6/20,1379.50 
2019/6/21,1397.20 
2019/6/24,1405.70 
2019/6/25,1431.40 
2019/6/26,1404.00 
2019/6/27,1402.50 
2019/6/28,1409.00 
2019/7/1,1390.10 
2019/7/2,1391.10 
2019/7/3,1413.50 
2019/7/4,1414.90 
2019/7/5,1388.70 
2019/7/8,1400.10 
2019/7/9,1391.60 
2019/7/10,1408.30 
2019/7/11,1413.80 
2019/7/12,1407.60 
2019/7/15,1412.40 
2019/7/16,1409.90 
2019/7/17,1410.40 
2019/7/18,1417.50 
2019/7/19,1439.70 
2019/7/22,1427.80 
2019/7/23,1425.60 
2019/7/24,1427.00 
2019/7/25,1416.10 
2019/7/26,1420.40 
2019/7/29,1419.10 
2019/7/30,1425.90 
2019/7/31,1427.60 
2019/8/1,1406.80 
2019/8/2,1441.80 
2019/8/5,1465.30 
2019/8/6,1465.30 
2019/8/7,1506.10 
2019/8/8,1495.80 
2019/8/9,1497.70 
2019/8/12,1504.70 
2019/8/13,1498.40 
2019/8/14,1513.30 
2019/8/15,1515.70 
2019/8/16,1515.30 
2019/8/19,1496.60 
2019/8/20,1504.60 
2019/8/21,1503.30 
2019/8/22,1502.10 
2019/8/23,1503.80 
2019/8/26,1503.80 
2019/8/27,1533.00 
2019/8/28,1537.20 
2019/8/29,1540.20 
2019/8/30,1528.40 
2019/9/2,1526.00 
2019/9/3,1537.90 
2019/9/4,1546.10 
2019/9/5,1529.10 
2019/9/6,1523.70 
2019/9/9,1509.20 
2019/9/10,1498.30 
2019/9/11,1490.70 
2019/9/12,1515.20 
2019/9/13,1503.10 
2019/9/16,1497.20 
2019/9/17,1502.10 
2019/9/18,1503.50 
2019/9/19,1500.70 
2019/9/20,1501.90 
2019/9/23,1522.10 
2019/9/24,1520.70 
2019/9/25,1528.80 
2019/9/26,1506.40 
2019/9/27,1489.90 
2019/9/30,1485.30 
2019/10/1,1473.50 
2019/10/2,1492.60 
2019/10/3,1517.10 
2019/10/4,1499.20 
2019/10/7,1501.30 
2019/10/8,1505.90 
2019/10/9,1507.30 
2019/10/10,1494.80 
2019/10/11,1479.20 
2019/10/14,1490.60 
2019/10/15,1487.80 
2019/10/16,1485.10 
2019/10/17,1492.70 
2019/10/18,1490.00 
2019/10/21,1491.70 
2019/10/22,1485.40 
2019/10/23,1494.50 
2019/10/24,1496.60 
2019/10/25,1513.50 
2019/10/28,1492.40 
2019/10/29,1486.80 
2019/10/30,1492.10 
2019/10/31,1511.00 
2019/11/1,1508.80 
2019/11/4,1509.50 
2019/11/5,1489.00 
2019/11/6,1486.10 
2019/11/7,1484.30 
2019/11/8,1464.20 
2019/11/11,1458.70 
2019/11/12,1452.10 
2019/11/13,1462.90 
2019/11/14,1466.70 
2019/11/15,1466.90 
2019/11/18,1467.70 
2019/11/19,1468.50 
2019/11/20,1471.70 
2019/11/21,1467.10 
2019/11/22,1464.50 
2019/11/25,1458.40 
2019/11/26,1454.70 
2019/11/27,1454.40 
2019/11/28,1454.70 
2019/11/29,1460.20 
2019/12/2,1461.20 
2019/12/3,1477.30 
2019/12/4,1475.10 
2019/12/5,1476.00 
2019/12/6,1459.70 
2019/12/9,1461.70 
2019/12/10,1465.00 
2019/12/11,1466.80 
2019/12/12,1467.80 
2019/12/13,1466.60 
2019/12/16,1477.90 
2019/12/17,1475.80 
2019/12/18,1474.10 
2019/12/19,1476.70 
2019/12/20,1479.00 
2019/12/23,1482.10 
2019/12/24,1482.10 
2019/12/25,1482.10 
2019/12/26,1482.10 
2019/12/27,1511.50 
2019/12/30,1514.80 
2019/12/31,1514.80 
2020/1/1,1514.80 
2020/1/2,1527.10 
2020/1/3,1548.80 
2020/1/6,1573.10 
2020/1/7,1567.90 
2020/1/8,1572.00 
2020/1/9,1550.80 
2020/1/10,1553.60 
2020/1/13,1549.90 
2020/1/14,1545.10 
2020/1/15,1549.00 
2020/1/16,1554.60 
2020/1/17,1557.60 
2020/1/20,1560.20 
2020/1/21,1551.30 
2020/1/22,1556.90 
2020/1/23,1562.90 
2020/1/24,1564.30 
2020/1/27,1580.10 
2020/1/28,1574.00 
2020/1/29,1573.50 
2020/1/30,1578.30 
2020/1/31,1584.20 
2020/2/3,1574.80 
2020/2/4,1558.40 
2020/2/5,1553.30 
2020/2/6,1563.30 
2020/2/7,1572.70 
2020/2/10,1573.20 
2020/2/11,1570.50 
2020/2/12,1563.70 
2020/2/13,1575.10 
2020/2/14,1581.40 
2020/2/17,1580.80 
2020/2/18,1589.90 
2020/2/19,1604.20 
2020/2/20,1619.00 
2020/2/21,1643.30 
2020/2/24,1671.70 
2020/2/25,1650.30 
2020/2/26,1634.90 
2020/2/27,1652.00 
2020/2/28,1609.90 
2020/3/2,1599.70 
2020/3/3,1615.50 
2020/3/4,1641.90 
2020/3/5,1659.60 
2020/3/6,1683.70 
2020/3/9,1672.50 
2020/3/10,1655.70 
2020/3/11,1653.80 
2020/3/12,1570.70 
2020/3/13,1562.80 
2020/3/16,1487.70 
2020/3/17,1536.20 
2020/3/18,1498.20 
2020/3/19,1474.30 
2020/3/20,1494.40 
2020/3/23,1525.40 
2020/3/24,1605.80 
2020/3/25,1605.50 
2020/3/26,1634.80 
2020/3/27,1617.30 
2020/3/30,1618.30 
2020/3/31,1609.00 
2020/4/1,1576.60 
2020/4/2,1616.80 
2020/4/3,1613.10 
2020/4/6,1648.30 
2020/4/7,1649.30 
2020/4/8,1647.80 
2020/4/9,1680.70 
2020/4/10,1680.70 
2020/4/13,1680.70 
2020/4/14,1741.90 
2020/4/15,1718.70 
2020/4/16,1729.50 
2020/4/17,1692.60 
2020/4/20,1686.20 
2020/4/21,1682.10 
2020/4/22,1710.60 
2020/4/23,1736.30 
2020/4/24,1715.90 
2020/4/27,1715.00 
2020/4/28,1691.60 
2020/4/29,1703.40 
2020/4/30,1702.80 
2020/5/1,1686.30 
2020/5/4,1709.10 
2020/5/5,1699.60 
2020/5/6,1691.50 
2020/5/7,1704.10 
2020/5/8,1704.10 
2020/5/11,1702.80 
2020/5/12,1702.40 
2020/5/13,1708.40 
2020/5/14,1731.60 
2020/5/15,1735.40 
2020/5/18,1734.70 
2020/5/19,1738.00 
2020/5/20,1748.30 
2020/5/21,1724.90 
2020/5/22,1733.60 
2020/5/25,1733.60 
2020/5/26,1720.30 
2020/5/27,1694.60 
2020/5/28,1717.40 
2020/5/29,1728.70 
2020/6/1,1730.60 
2020/6/2,1742.20 
2020/6/3,1705.40 
2020/6/4,1700.10 
2020/6/5,1683.50 
2020/6/8,1690.40 
2020/6/9,1713.50 
2020/6/10,1722.10 
2020/6/11,1738.30 
2020/6/12,1733.50 
2020/6/15,1710.50 
2020/6/16,1719.90 
2020/6/17,1724.40 
2020/6/18,1719.50 
2020/6/19,1734.80 
2020/6/22,1761.90 
2020/6/23,1768.90 
2020/6/24,1766.10 
2020/6/25,1756.60 
2020/6/26,1747.60 
2020/6/29,1771.60 
2020/6/30,1768.10 
2020/7/1,1771.10 
2020/7/2,1777.50 
2020/7/3,1772.90 
2020/7/6,1787.90 
2020/7/7,1789.60 
2020/7/8,1811.10 
2020/7/9,1812.10 
2020/7/10,1803.10 
2020/7/13,1807.50 
2020/7/14,1801.90 
2020/7/15,1804.60 
2020/7/16,1807.70 
2020/7/17,1807.40 
2020/7/20,1815.70 
2020/7/21,1842.60 
2020/7/22,1852.40 
2020/7/23,1878.30 
2020/7/24,1902.10 
2020/7/27,1936.70 
2020/7/28,1940.90 
2020/7/29,1950.90 
2020/7/30,1957.70 
2020/7/31,1964.90 
2020/8/3,1958.60 
2020/8/4,1977.90 
2020/8/5,2048.20 
2020/8/6,2067.20 
2020/8/7,2031.20 
2020/8/10,2044.50 
2020/8/11,1939.70 
2020/8/12,1931.90 
2020/8/13,1944.30 
2020/8/14,1944.80 
2020/8/17,1972.90 
2020/8/18,2008.80 
2020/8/19,1981.00 
2020/8/20,1927.20 
2020/8/21,1924.40 
2020/8/24,1944.00 
2020/8/25,1911.20 
2020/8/26,1933.00 
2020/8/27,1923.90 
2020/8/28,1957.40 
2020/8/31,1957.40 
2020/9/1,1972.40 
2020/9/2,1947.10 
2020/9/3,1940.50 
2020/9/4,1926.30 
2020/9/7,1928.50 
2020/9/8,1911.00 
2020/9/9,1947.20 
2020/9/10,1966.30 
2020/9/11,1947.40 
2020/9/14,1958.70 
2020/9/15,1949.40 
2020/9/16,1961.80 
2020/9/17,1936.30 
2020/9/18,1950.90 
2020/9/21,1909.40 
2020/9/22,1906.00 
2020/9/23,1873.40 
2020/9/24,1861.80 
2020/9/25,1859.70 
2020/9/28,1864.30 
2020/9/29,1884.00 
2020/9/30,1886.90 
2020/10/1,1902.00 
2020/10/2,1903.10 
2020/10/5,1909.60 
2020/10/6,1913.40 
2020/10/7,1884.50 
2020/10/8,1887.50 
2020/10/9,1923.30 
2020/10/12,1925.50 
2020/10/13,1891.30 
2020/10/14,1910.10 
2020/10/15,1891.90 
2020/10/16,1905.10 
2020/10/19,1905.60 
2020/10/20,1898.40 
2020/10/21,1924.20 
2020/10/22,1901.00 
2020/10/23,1903.70 
2020/10/26,1898.50 
2020/10/27,1905.70 
2020/10/28,1870.00 
2020/10/29,1870.30 
2020/10/30,1881.90 
2020/11/2,1889.90 
2020/11/3,1908.30 
2020/11/4,1900.20 
2020/11/5,1938.50 
2020/11/6,1940.80 
2020/11/9,1867.30 
2020/11/10,1878.70 
2020/11/11,1861.00 
2020/11/12,1874.90 
2020/11/13,1890.90 
2020/11/16,1885.60 
2020/11/17,1889.10 
2020/11/18,1876.10 
2020/11/19,1857.40 
2020/11/20,1875.70 
2020/11/23,1840.20 
2020/11/24,1799.60 
2020/11/25,1810.20 
2020/11/26,1807.40 
2020/11/27,1779.30 
2020/11/30,1762.60 
2020/12/1,1810.80 
2020/12/2,1822.60 
2020/12/3,1832.40 
2020/12/4,1843.00 
2020/12/7,1860.00 
2020/12/8,1868.20 
2020/12/9,1841.80 
2020/12/10,1844.40 
2020/12/11,1842.00 
2020/12/14,1831.20 
2020/12/15,1850.70 
2020/12/16,1852.00 
2020/12/17,1890.80 
2020/12/18,1879.80 
2020/12/21,1880.00 
2020/12/22,1877.10 
2020/12/23,1875.00 
2020/12/24,1875.00 
2020/12/25,1875.00 
2020/12/28,1875.00 
2020/12/29,1874.30 
2020/12/30,1887.60 
2020/12/31,1887.60 
2021/1/1,1887.60 
2021/1/4,1943.20 
2021/1/5,1940.40 
2021/1/6,1932.00 
2021/1/7,1920.10 
2021/1/8,1862.90 
2021/1/11,1847.30 
2021/1/12,1841.30 
2021/1/13,1858.90 
2021/1/14,1841.80 
2021/1/15,1839.00 
2021/1/18,1833.10 
2021/1/19,1834.70 
2021/1/20,1856.60 
2021/1/21,1862.10 
2021/1/22,1852.70 
2021/1/25,1856.90 
2021/1/26,1856.60 
2021/1/27,1843.00 
2021/1/28,1853.70 
2021/1/29,1863.80 
2021/2/1,1863.00 
2021/2/2,1833.10 
2021/2/3,1835.50 
2021/2/4,1785.90 
2021/2/5,1803.00 
2021/2/8,1835.30 
2021/2/9,1839.60 
2021/2/10,1842.70 
2021/2/11,1840.10 
2021/2/12,1816.40 
2021/2/15,1817.30 
2021/2/16,1794.30 
2021/2/17,1780.70 
2021/2/18,1773.20 
2021/2/19,1786.20 
2021/2/22,1807.50 
2021/2/23,1799.70 
2021/2/24,1788.00 
2021/2/25,1779.70 
2021/2/26,1742.90 
2021/3/1,1734.20 
2021/3/2,1723.90 
2021/3/3,1711.40 
2021/3/4,1712.10 
2021/3/5,1696.30 
2021/3/8,1687.10 
2021/3/9,1716.90 
2021/3/10,1716.20 
2021/3/11,1724.30 
2021/3/12,1704.80 
2021/3/15,1723.70 
2021/3/16,1735.00 
2021/3/17,1729.70 
2021/3/18,1725.90 
2021/3/19,1735.20 
2021/3/22,1736.20 
2021/3/23,1726.20 
2021/3/24,1730.50 
2021/3/25,1737.30 
2021/3/26,1731.80 
2021/3/29,1706.00 
2021/3/30,1684.00 
2021/3/31,1691.10 
2021/4/1,1726.10 
2021/4/2,1726.10 
2021/4/5,1726.10 
2021/4/6,1744.70 
2021/4/7,1738.10 
2021/4/8,1755.50 
2021/4/9,1741.20 
2021/4/12,1732.90 
2021/4/13,1748.00 
2021/4/14,1735.60 
2021/4/15,1757.20 
2021/4/16,1774.50 
2021/4/19,1774.50 
2021/4/20,1777.90 
2021/4/21,1798.20 
2021/4/22,1787.80 
2021/4/23,1781.80 
2021/4/26,1773.40 
2021/4/27,1784.20 
2021/4/28,1772.20 
2021/4/29,1762.70 
2021/4/30,1767.70 
2021/5/3,1767.70 
2021/5/4,1797.80 
2021/5/5,1782.30 
2021/5/6,1813.20 
2021/5/7,1836.60 
2021/5/10,1840.50 
2021/5/11,1829.10 
2021/5/12,1830.70 
2021/5/13,1821.80 
2021/5/14,1838.10 
2021/5/17,1853.70 
2021/5/18,1866.80 
2021/5/19,1888.50 
2021/5/20,1878.30 
2021/5/21,1875.90 
2021/5/24,1880.20 
2021/5/25,1887.00 
2021/5/26,1899.80 
2021/5/27,1891.50 
2021/5/28,1900.00 
2021/5/31,1900.00 
2021/6/1,1899.40 
2021/6/2,1902.80 
2021/6/3,1866.60 
2021/6/4,1890.60 
2021/6/7,1888.40 
2021/6/8,1893.20 
2021/6/9,1894.60 
2021/6/10,1888.70 
2021/6/11,1881.10 
2021/6/14,1865.60 
2021/6/15,1865.10 
2021/6/16,1860.80 
2021/6/17,1778.70 
2021/6/18,1773.10 
2021/6/21,1775.10 
2021/6/22,1775.10 
2021/6/23,1791.60 
2021/6/24,1784.90 
2021/6/25,1786.70 
2021/6/28,1780.30 
2021/6/29,1755.50 
2021/6/30,1763.20 
2021/7/1,1781.50 
2021/7/2,1786.20 
2021/7/5,1791.40 
2021/7/6,1809.90 
2021/7/7,1804.70 
2021/7/8,1807.70 
2021/7/9,1806.00 
2021/7/12,1792.40 
2021/7/13,1813.90 
2021/7/14,1823.20 
2021/7/15,1823.80 
2021/7/16,1824.30 
2021/7/19,1814.90 
2021/7/20,1823.10 
2021/7/21,1802.20 
2021/7/22,1799.50 
2021/7/23,1799.60 
2021/7/26,1800.20 
2021/7/27,1800.40 
2021/7/28,1796.60 
2021/7/29,1829.30 
2021/7/30,1825.80 
2021/8/2,1811.50 
2021/8/3,1812.70 
2021/8/4,1829.10 
2021/8/5,1800.80 
2021/8/6,1762.90 
2021/8/9,1738.90 
2021/8/10,1723.40 
2021/8/11,1743.60 
2021/8/12,1747.40 
2021/8/13,1773.90 
2021/8/16,1786.40 
2021/8/17,1789.50 
2021/8/18,1783.50 
2021/8/19,1782.10 
2021/8/20,1779.10 
2021/8/23,1802.00 
2021/8/24,1808.50 
2021/8/25,1788.70 
2021/8/26,1786.60 
2021/8/27,1798.50 
2021/8/30,1798.50 
2021/8/31,1814.90 
2021/9/1,1811.80 
2021/9/2,1812.60 
2021/9/3,1823.70 
2021/9/6,1821.60 
2021/9/7,1802.20 
2021/9/8,1786.00 
2021/9/9,1788.30 
2021/9/10,1794.60 
2021/9/13,1793.90 
2021/9/14,1792.80 
2021/9/15,1797.00 
2021/9/16,1748.00 
2021/9/17,1756.00 
2021/9/20,1757.80 
2021/9/21,1774.50 
2021/9/22,1773.40 
2021/9/23,1750.00 
2021/9/24,1746.80 
2021/9/27,1755.30 
2021/9/28,1733.80 
2021/9/29,1737.20 
2021/9/30,1742.80 
2021/10/1,1757.10 
2021/10/4,1754.60 
2021/10/5,1753.20 
2021/10/6,1759.70 
2021/10/7,1762.10 
2021/10/8,1773.30 
2021/10/11,1757.70 
2021/10/12,1767.80 
2021/10/13,1785.70 
2021/10/14,1798.70 
2021/10/15,1772.70 
2021/10/18,1767.90 
2021/10/19,1779.60 
2021/10/20,1778.00 
2021/10/21,1779.30 
2021/10/22,1808.30 
2021/10/25,1805.30 
2021/10/26,1785.60 
2021/10/27,1795.30 
2021/10/28,1803.50 
2021/10/29,1769.20 
2021/11/1,1793.80 
2021/11/2,1790.50 
2021/11/3,1763.50 
2021/11/4,1796.20 
2021/11/5,1801.90 
2021/11/8,1822.40 
2021/11/9,1827.30 
2021/11/10,1859.40 
2021/11/11,1857.90 
2021/11/12,1860.60 
2021/11/15,1859.90 
2021/11/16,1859.20 
2021/11/17,1864.90 
2021/11/18,1860.30 
2021/11/19,1861.10 
2021/11/22,1816.10 
2021/11/23,1789.20 
2021/11/24,1782.10 
2021/11/25,1788.20 
2021/11/26,1800.80 
2021/11/29,1786.00 
2021/11/30,1804.40 
2021/12/1,1789.30 
2021/12/2,1765.00 
2021/12/3,1767.60 
2021/12/6,1778.70 
2021/12/7,1781.40 
2021/12/8,1783.80 
2021/12/9,1776.20 
2021/12/10,1779.80 
2021/12/13,1787.80 
2021/12/14,1776.90 
2021/12/15,1768.70 
2021/12/16,1795.70 
2021/12/17,1807.70 
2021/12/20,1796.30 
2021/12/21,1793.80 
2021/12/22,1792.80 
2021/12/23,1805.20 
2021/12/24,1805.20 
2021/12/27,1805.20 
2021/12/28,1805.20 
2021/12/29,1794.30 
2021/12/30,1805.90 
2021/12/31,1805.90 
2022/1/3,1805.90 
2022/1/4,1811.40 
2022/1/5,1826.30 
2022/1/6,1789.40 
2022/1/7,1792.60 
2022/1/10,1794.20 
2022/1/11,1806.80 
2022/1/12,1821.40 
2022/1/13,1820.40 
2022/1/14,1823.00 
2022/1/17,1817.90 
2022/1/18,1817.30 
2022/1/19,1827.00 
2022/1/20,1845.40 
2022/1/21,1837.60 
2022/1/24,1831.60 
2022/1/25,1847.30 
2022/1/26,1836.00 
2022/1/27,1806.80 
2022/1/28,1788.20 
2022/1/31,1795.30 
2022/2/1,1799.90 
2022/2/2,1803.70 
2022/2/3,1792.70 
2022/2/4,1804.70 
2022/2/7,1813.60 
2022/2/8,1822.60 
2022/2/9,1827.80 
2022/2/10,1835.40 
2022/2/11,1831.20 
2022/2/14,1866.20 
2022/2/15,1848.60 
2022/2/16,1862.60 
2022/2/17,1893.50 
2022/2/18,1893.60 
2022/2/21,1894.50 
2022/2/22,1900.10 
2022/2/23,1904.70 
2022/2/24,1936.30 
2022/2/25,1884.80 
2022/2/28,1909.90 
2022/3/1,1922.00 
2022/3/2,1928.50 
2022/3/3,1929.60 
2022/3/4,1945.30 
2022/3/7,1981.00 
2022/3/8,2039.10 
2022/3/9,1988.90 
2022/3/10,1996.60 
2022/3/11,1978.70 
2022/3/14,1954.10 
2022/3/15,1913.70 
2022/3/16,1913.20 
2022/3/17,1949.70 
2022/3/18,1935.80 
2022/3/21,1935.10 
2022/3/22,1915.30 
2022/3/23,1931.80 
2022/3/24,1965.20 
2022/3/25,1953.80 
2022/3/28,1937.10 
2022/3/29,1910.00 
2022/3/30,1933.90 
2022/3/31,1942.20 
2022/4/1,1929.40 
2022/4/4,1930.30 
2022/4/5,1944.10 
2022/4/6,1930.20 
2022/4/7,1932.40 
2022/4/8,1941.40 
2022/4/11,1951.60 
2022/4/12,1960.90 
2022/4/13,1976.80 
2022/4/14,1963.30 
2022/4/15,1963.30 
2022/4/18,1963.30 
2022/4/19,1964.00 
2022/4/20,1949.60 
2022/4/21,1943.70 
2022/4/22,1941.60 
2022/4/25,1895.00 
2022/4/26,1904.60 
2022/4/27,1885.80 
2022/4/28,1888.50 
2022/4/29,1911.30 
2022/5/2,1911.30 
2022/5/3,1869.70 
2022/5/4,1863.70 
2022/5/5,1892.30 
2022/5/6,1882.40 
2022/5/9,1860.90 
2022/5/10,1857.40 
2022/5/11,1852.00 
2022/5/12,1837.10 
2022/5/13,1811.60 
2022/5/16,1809.50 
2022/5/17,1825.00 
2022/5/18,1810.70 
2022/5/19,1844.00 
2022/5/20,1834.20 
2022/5/23,1856.20 
2022/5/24,1867.10 
2022/5/25,1847.20 
2022/5/26,1848.30 
2022/5/27,1851.80 
2022/5/30,1855.00 
2022/5/31,1838.70 
2022/6/1,1844.90 
2022/6/2,1844.90 
2022/6/3,1844.90 
2022/6/6,1847.20 
2022/6/7,1849.60 
2022/6/8,1853.00 
2022/6/9,1844.90 
2022/6/10,1830.00 
2022/6/13,1830.90 
2022/6/14,1818.30 
2022/6/15,1823.80 
2022/6/16,1826.50 
2022/6/17,1841.60 
2022/6/20,1836.50 
2022/6/21,1840.30 
2022/6/22,1841.90 
2022/6/23,1841.90 
2022/6/24,1825.50 
2022/6/27,1826.30 
2022/6/28,1819.10 
2022/6/29,1817.80 
2022/6/30,1817.00 
2022/7/1,1797.50 
2022/7/4,1808.40 
2022/7/5,1772.00 
2022/7/6,1754.30 
2022/7/7,1748.00 
2022/7/8,1738.20 
2022/7/11,1740.00 
2022/7/12,1730.70 
2022/7/13,1724.60 
2022/7/14,1700.70 
2022/7/15,1706.20 
2022/7/18,1719.10 
2022/7/19,1713.10 
2022/7/20,1709.30 
2022/7/21,1705.10 
2022/7/22,1737.00 
2022/7/25,1718.90 
2022/7/26,1720.10 
2022/7/27,1714.10 
2022/7/28,1753.50 
2022/7/29,1753.40 
2022/8/1,1772.40 
2022/8/2,1779.80 
2022/8/3,1761.30 
2022/8/4,1783.20 
2022/8/5,1773.30 
2022/8/8,1784.10 
2022/8/9,1795.30 
2022/8/10,1795.10 
2022/8/11,1796.70 
2022/8/12,1792.10 
2022/8/15,1776.60 
2022/8/16,1774.90 
2022/8/17,1767.20 
2022/8/18,1765.60 
2022/8/19,1750.80 
2022/8/22,1733.30 
2022/8/23,1746.60 
2022/8/24,1745.70 
2022/8/25,1753.60 
2022/8/26,1751.30 
2022/8/29,1751.30 
2022/8/30,1730.30 
2022/8/31,1715.90 
2022/9/1,1694.30 
2022/9/2,1712.50 
2022/9/5,1711.00 
2022/9/6,1702.60 
2022/9/7,1702.70 
2022/9/8,1709.40 
2022/9/9,1713.40 
2022/9/12,1726.40 
2022/9/13,1704.90 
2022/9/14,1703.90 
2022/9/15,1689.10 
2022/9/16,1664.70 
2022/9/19,1664.70 
2022/9/20,1664.20 
2022/9/21,1671.80 
2022/9/22,1671.90 
2022/9/23,1643.60 
2022/9/26,1643.40 
2022/9/27,1634.30 
2022/9/28,1652.20 
2022/9/29,1654.80 
2022/9/30,1671.80 
2022/10/3,1668.40 
2022/10/4,1714.90 
2022/10/5,1700.50 
2022/10/6,1714.20 
2022/10/7,1696.20 
2022/10/10,1676.60 
2022/10/11,1664.70 
2022/10/12,1670.70 
2022/10/13,1648.10 
2022/10/14,1649.30 
2022/10/17,1664.80 
2022/10/18,1653.00 
2022/10/19,1631.70 
2022/10/20,1635.30 
2022/10/21,1643.30 
2022/10/24,1649.20 
2022/10/25,1659.30 
2022/10/26,1666.80 
2022/10/27,1659.80 
2022/10/28,1648.10 
2022/10/31,1639.00 
2022/11/1,1645.30 
2022/11/2,1649.60 
2022/11/3,1628.80 
2022/11/4,1674.40 
2022/11/7,1679.00 
2022/11/8,1678.70 
2022/11/9,1715.30 
2022/11/10,1744.80 
2022/11/11,1759.40 
2022/11/14,1768.90 
2022/11/15,1771.40 
2022/11/16,1773.00 
2022/11/17,1758.60 
2022/11/18,1751.60 
2022/11/21,1740.40 
2022/11/22,1743.00 
2022/11/23,1740.20 
2022/11/24,1755.40 
2022/11/25,1751.90 
2022/11/28,1746.60 
2022/11/29,1752.70 
2022/11/30,1753.50 
2022/12/1,1803.20 
2022/12/2,1784.80 
2022/12/5,1776.80 
2022/12/6,1773.80 
2022/12/7,1782.20 
2022/12/8,1790.20 
2022/12/9,1796.20 
2022/12/12,1786.60 
2022/12/13,1823.60 
2022/12/14,1808.10 
2022/12/15,1783.60 
2022/12/16,1792.60 
2022/12/19,1790.80 
2022/12/20,1813.90 
2022/12/21,1817.60 
2022/12/22,1800.70 
2022/12/23,1800.70 
2022/12/26,1800.70 
2022/12/27,1800.70 
2022/12/28,1803.40 
2022/12/29,1813.80 
2022/12/30,1813.80 
2023/1/2,1813.80 
2023/1/3,1843.30 
2023/1/4,1857.30 
2023/1/5,1834.00 
2023/1/6,1852.20 
2023/1/9,1878.90 
2023/1/10,1878.70 
2023/1/11,1872.40 
2023/1/12,1882.60 
2023/1/13,1907.20 
2023/1/16,1917.00 
2023/1/17,1913.80 
2023/1/18,1920.70 
2023/1/19,1918.60 
2023/1/20,1924.90 
2023/1/23,1914.90 
2023/1/24,1920.80 
2023/1/25,1930.80 
2023/1/26,1932.50 
2023/1/27,1923.10 
2023/1/30,1924.10 
2023/1/31,1923.90 
2023/2/1,1925.90 
2023/2/2,1921.70 
2023/2/3,1875.40 
2023/2/6,1873.30 
2023/2/7,1870.70 
2023/2/8,1872.70 
2023/2/9,1879.10 
2023/2/10,1859.70 
2023/2/13,1856.10 
2023/2/14,1863.70 
2023/2/15,1831.20 
2023/2/16,1829.00 
2023/2/17,1834.00 
2023/2/20,1845.80 
2023/2/21,1836.90 
2023/2/22,1835.80 
2023/2/23,1826.10 
2023/2/24,1811.00 
2023/2/27,1818.70 
2023/2/28,1824.60 
2023/3/1,1841.30 
2023/3/2,1836.20 
2023/3/3,1841.20 
2023/3/6,1849.10 
2023/3/7,1826.60 
2023/3/8,1816.30 
2023/3/9,1831.40 
2023/3/10,1861.30 
2023/3/13,1911.30 
2023/3/14,1907.60 
2023/3/15,1923.40 
2023/3/16,1922.80 
2023/3/17,1962.10 
2023/3/20,1969.40 
2023/3/21,1952.50 
2023/3/22,1949.40 
2023/3/23,1978.00 
2023/3/24,1993.80 
2023/3/27,1946.30 
2023/3/28,1962.90 
2023/3/29,1965.00 
2023/3/30,1965.80 
2023/3/31,1979.70 
2023/4/3,1983.30 
2023/4/4,2009.60 
2023/4/5,2030.90 
2023/4/6,2001.90 
2023/4/7,2001.90 
2023/4/10,2001.90 
2023/4/11,2002.70 
2023/4/12,2008.20 
2023/4/13,2048.50 
2023/4/14,2019.40 
2023/4/17,1995.60 
2023/4/18,1999.40 
2023/4/19,1990.60 
2023/4/20,2007.20 
2023/4/21,1973.70 
2023/4/24,1978.20 
2023/4/25,1987.40 
2023/4/26,2003.00 
2023/4/27,1985.70 
2023/4/28,1982.60 
2023/5/1,1982.60 
2023/5/2,1995.40 
2023/5/3,2014.30 
2023/5/4,2044.70 
2023/5/5,2001.00 
2023/5/8,2001.00 
2023/5/9,2030.20 
2023/5/10,2037.20 
2023/5/11,2016.00 
2023/5/12,2019.90 
2023/5/15,2019.90 
2023/5/16,2007.50 
2023/5/17,1974.40 
2023/5/18,1960.30 
2023/5/19,1961.60 
2023/5/22,1970.30 
2023/5/23,1969.20 
2023/5/24,1969.70 
2023/5/25,1948.30 
2023/5/26,1947.90 
2023/5/29,1947.90 
2023/5/30,1952.50 
2023/5/31,1964.40 
2023/6/1,1974.40 
2023/6/2,1963.30 
2023/6/5,1959.70 
2023/6/6,1957.30 
2023/6/7,1967.40 
2023/6/8,1966.40 
2023/6/9,1960.30 
2023/6/12,1952.90 
2023/6/13,1954.40 
2023/6/14,1955.80 
2023/6/15,1952.40 
2023/6/16,1959.80 
2023/6/19,1951.20 
2023/6/20,1930.50 
2023/6/21,1925.70 
2023/6/22,1920.10 
2023/6/23,1930.70 
2023/6/26,1922.90 
2023/6/27,1918.90 
2023/6/28,1908.40 
2023/6/29,1899.60 
2023/6/30,1912.30 
2023/7/3,1928.80 
2023/7/4,1927.80 
2023/7/5,1924.70 
2023/7/6,1908.80 
2023/7/7,1922.30 
2023/7/10,1922.80 
2023/7/11,1934.00 
2023/7/12,1953.30 
2023/7/13,1958.10 
2023/7/14,1953.70 
2023/7/17,1949.60 
2023/7/18,1975.00 
2023/7/19,1975.40 
2023/7/20,1976.10 
2023/7/21,1960.60 
2023/7/24,1960.00 
2023/7/25,1958.70 
2023/7/26,1966.30 
2023/7/27,1945.40 
2023/7/28,1954.30 
2023/7/31,1970.70 
2023/8/1,1947.20 
2023/8/2,1944.20 
2023/8/3,1935.70 
2023/8/4,1942.50 
2023/8/7,1931.70 
2023/8/8,1926.40 
2023/8/9,1922.80 
2023/8/10,1920.90 
2023/8/11,1915.80 
2023/8/14,1903.80 
2023/8/15,1903.90 
2023/8/16,1904.20 
2023/8/17,1896.40 
2023/8/18,1893.70 
2023/8/21,1889.90 
2023/8/22,1892.80 
2023/8/23,1916.70 
2023/8/24,1917.10 
2023/8/25,1915.50 
2023/8/28,1915.50 
2023/8/29,1930.00 
2023/8/30,1947.60 
2023/8/31,1942.30 
2023/9/1,1940.60 
2023/9/4,1937.20 
2023/9/5,1926.10 
2023/9/6,1922.10 
2023/9/7,1918.40 
2023/9/8,1927.80 
2023/9/11,1925.00 
2023/9/12,1908.60 
2023/9/13,1913.80 
2023/9/14,1901.80 
2023/9/15,1927.70 
2023/9/18,1923.50 
2023/9/19,1934.90 
2023/9/20,1943.40 
2023/9/21,1915.00 
2023/9/22,1927.40 
2023/9/25,1924.90 
2023/9/26,1907.10 
2023/9/27,1887.30 
2023/9/28,1873.60 
2023/9/29,1870.50 
2023/10/2,1833.10 
2023/10/3,1822.50 
2023/10/4,1819.00 
2023/10/5,1819.50 
2023/10/6,1819.60 
2023/10/9,1845.50 
2023/10/10,1857.00 
2023/10/11,1871.30 
2023/10/12,1874.00 
2023/10/13,1909.20 
2023/10/16,1918.10 
2023/10/17,1928.20 
2023/10/18,1955.70 
2023/10/19,1953.60 
2023/10/20,1988.50 
2023/10/23,1973.00 
2023/10/24,1963.70 
2023/10/25,1983.30 
2023/10/26,1975.00 
2023/10/27,1982.90 
2023/10/30,1997.60 
2023/10/31,1996.90 
2023/11/1,1986.40 
2023/11/2,1983.60 
2023/11/3,1994.50 
2023/11/6,1984.60 
2023/11/7,1960.70 
2023/11/8,1959.40 
2023/11/9,1957.50 
2023/11/10,1941.70 
2023/11/13,1931.20 
2023/11/14,1969.10 
2023/11/15,1958.20 
2023/11/16,1980.10 
2023/11/17,1981.10 
2023/11/20,1968.70 
2023/11/21,2006.60 
2023/11/22,1997.60 
2023/11/23,1992.90 
2023/11/24,2000.90 
2023/11/27,2013.70 
2023/11/28,2025.70 
2023/11/29,2047.00 
2023/11/30,2035.50 
2023/12/1,2045.40 
2023/12/4,2049.10 
2023/12/5,2023.40 
2023/12/6,2026.40 
2023/12/7,2026.90 
2023/12/8,2008.10 
2023/12/11,1986.70 
2023/12/12,1980.90 
2023/12/13,1982.50 
2023/12/14,2046.10 
2023/12/15,2032.30 
2023/12/18,2024.00 
2023/12/19,2041.40 
2023/12/20,2035.60 
2023/12/21,2041.70 
2023/12/22,2041.70 
2023/12/25,2041.70 
2023/12/26,2041.70 
2023/12/27,2069.40 
2023/12/28,2078.40 
2023/12/29,2078.40 
2024/1/1,2078.40 
2024/1/2,2067.60 
2024/1/3,2042.10 
2024/1/4,2039.60 
2024/1/5,2056.40 
2024/1/8,2025.10 
2024/1/9,2034.90 
2024/1/10,2026.80 
2024/1/11,2029.20 
2024/1/12,2055.70 
2024/1/15,2049.90 
2024/1/16,2038.20 
2024/1/17,2011.80 
2024/1/18,2013.20 
2024/1/19,2028.60 
2024/1/22,2021.60 
2024/1/23,2023.00 
2024/1/24,2024.70 
2024/1/25,2023.80 
2024/1/26,2018.50 
2024/1/29,2022.50 
2024/1/30,2043.10 
2024/1/31,2053.30 
2024/2/1,2045.90 
2024/2/2,2034.20 
2024/2/5,2018.00 
2024/2/6,2030.80 
2024/2/7,2041.60 
2024/2/8,2028.70 
2024/2/9,2023.50 
2024/2/12,2015.20 
2024/2/13,1996.10 
2024/2/14,1985.10 
2024/2/15,2004.10 
2024/2/16,1997.90 
2024/2/19,2017.10 
2024/2/20,2029.10 
2024/2/21,2026.80 
2024/2/22,2024.00 
2024/2/23,2027.50 
2024/2/26,2027.20 
2024/2/27,2035.10 
2024/2/28,2032.50 
2024/2/29,2048.10 
2024/3/1,2049.80 
2024/3/4,2098.10 
2024/3/5,2134.40 
2024/3/6,2142.90 
2024/3/7,2153.50 
2024/3/8,2171.20 
2024/3/11,2180.50 
2024/3/12,2161.30 
2024/3/13,2168.40 
2024/3/14,2160.80 
2024/3/15,2163.50 
2024/3/18,2158.20 
2024/3/19,2154.90 
2024/3/20,2157.50 
2024/3/21,2170.50 
2024/3/22,2171.60 
2024/3/25,2176.70 
2024/3/26,2179.80 
2024/3/27,2192.70 
2024/3/28,2214.40 
2024/3/29,2214.40 
2024/4/1,2214.40 
2024/4/2,2264.50 
2024/4/3,2280.20 
2024/4/4,2293.50 
2024/4/5,2298.60 
